CREATE TABLE maestro.departamento
(
  id integer NOT NULL,
  codigo character varying(5),
  descripcion character varying(50),
  CONSTRAINT "PK_departamento" PRIMARY KEY (id)
)
WITH (
  OIDS=FALSE
);
ALTER TABLE maestro.departamento
  OWNER TO ferremauros_web;

insert into maestro.departamento values(1,'05','ANTIOQUIA');
insert into maestro.departamento values(2,'08','ATLANTICO');
insert into maestro.departamento values(3,'11','BOGOTA');
insert into maestro.departamento values(4,'13','BOLIVAR');
insert into maestro.departamento values(5,'15','BOYACA');
insert into maestro.departamento values(6,'17','CALDAS');
insert into maestro.departamento values(7,'18','CAQUETA');
insert into maestro.departamento values(8,'19','CAUCA');
insert into maestro.departamento values(9,'20','CESAR');
insert into maestro.departamento values(10,'23','CORDOBA');
insert into maestro.departamento values(11,'25','CUNDINAMARCA');
insert into maestro.departamento values(12,'27','CHOCO');
insert into maestro.departamento values(13,'41','HUILA');
insert into maestro.departamento values(14,'44','LA GUAJIRA');
insert into maestro.departamento values(15,'47','MAGDALENA');
insert into maestro.departamento values(16,'50','META');
insert into maestro.departamento values(17,'52','NARIÑO');
insert into maestro.departamento values(18,'54','N. DE SANTANDER');
insert into maestro.departamento values(19,'63','QUINDIO');
insert into maestro.departamento values(20,'66','RISARALDA');
insert into maestro.departamento values(21,'68','SANTANDER');
insert into maestro.departamento values(22,'70','SUCRE');
insert into maestro.departamento values(23,'73','TOLIMA');
insert into maestro.departamento values(24,'76','VALLE DEL CAUCA');
insert into maestro.departamento values(25,'81','ARAUCA');
insert into maestro.departamento values(26,'85','CASANARE');
insert into maestro.departamento values(27,'86','PUTUMAYO');
insert into maestro.departamento values(28,'88','SAN ANDRES');
insert into maestro.departamento values(29,'91','AMAZONAS');
insert into maestro.departamento values(30,'94','GUAINIA');
insert into maestro.departamento values(31,'95','GUAVIARE');
insert into maestro.departamento values(32,'97','VAUPES');
insert into maestro.departamento values(33,'99','VICHADA');

CREATE TABLE maestro.municipio
(
  id integer NOT NULL,
  departamento_id integer,
  codigo character varying(5),
  descripcion character varying(50),
  CONSTRAINT "PK_municipio" PRIMARY KEY (id),
  CONSTRAINT "FK_municipio_departamento" FOREIGN KEY (departamento_id)
      REFERENCES maestro.departamento (id) MATCH SIMPLE
      ON UPDATE NO ACTION ON DELETE NO ACTION
)
WITH (
  OIDS=FALSE
);
ALTER TABLE maestro.municipio
  OWNER TO ferremauros_web;

insert into maestro.municipio values(1,1,'001','MEDELLIN');
insert into maestro.municipio values(2,1,'002','ABEJORRAL');
insert into maestro.municipio values(3,1,'004','ABRIAQUI');
insert into maestro.municipio values(4,1,'021','ALEJANDRIA');
insert into maestro.municipio values(5,1,'030','AMAGA');
insert into maestro.municipio values(6,1,'031','AMALFI');
insert into maestro.municipio values(7,1,'034','ANDES');
insert into maestro.municipio values(8,1,'036','ANGELOPOLIS');
insert into maestro.municipio values(9,1,'038','ANGOSTURA');
insert into maestro.municipio values(10,1,'040','ANORI');
insert into maestro.municipio values(11,1,'042','SANTAFE DE ANTIOQUIA');
insert into maestro.municipio values(12,1,'044','ANZA');
insert into maestro.municipio values(13,1,'045','APARTADO');
insert into maestro.municipio values(14,1,'051','ARBOLETES');
insert into maestro.municipio values(15,1,'055','ARGELIA');
insert into maestro.municipio values(16,1,'059','ARMENIA');
insert into maestro.municipio values(17,1,'079','BARBOSA');
insert into maestro.municipio values(18,1,'086','BELMIRA');
insert into maestro.municipio values(19,1,'088','BELLO');
insert into maestro.municipio values(20,1,'091','BETANIA');
insert into maestro.municipio values(21,1,'093','BETULIA');
insert into maestro.municipio values(22,1,'101','CIUDAD BOLIVAR');
insert into maestro.municipio values(23,1,'107','BRICEÑO');
insert into maestro.municipio values(24,1,'113','BURITICA');
insert into maestro.municipio values(25,1,'120','CACERES');
insert into maestro.municipio values(26,1,'125','CAICEDO');
insert into maestro.municipio values(27,1,'129','CALDAS');
insert into maestro.municipio values(28,1,'134','CAMPAMENTO');
insert into maestro.municipio values(29,1,'138','CAÑASGORDAS');
insert into maestro.municipio values(30,1,'142','CARACOLI');
insert into maestro.municipio values(31,1,'145','CARAMANTA');
insert into maestro.municipio values(32,1,'147','CAREPA');
insert into maestro.municipio values(33,1,'148','EL CARMEN DE VIBORAL');
insert into maestro.municipio values(34,1,'150','CAROLINA');
insert into maestro.municipio values(35,1,'154','CAUCASIA');
insert into maestro.municipio values(36,1,'172','CHIGORODO');
insert into maestro.municipio values(37,1,'190','CISNEROS');
insert into maestro.municipio values(38,1,'197','COCORNA');
insert into maestro.municipio values(39,1,'206','CONCEPCION');
insert into maestro.municipio values(40,1,'209','CONCORDIA');
insert into maestro.municipio values(41,1,'212','COPACABANA');
insert into maestro.municipio values(42,1,'234','DABEIBA');
insert into maestro.municipio values(43,1,'237','DON MATIAS');
insert into maestro.municipio values(44,1,'240','EBEJICO');
insert into maestro.municipio values(45,1,'250','EL BAGRE');
insert into maestro.municipio values(46,1,'264','ENTRERRIOS');
insert into maestro.municipio values(47,1,'266','ENVIGADO');
insert into maestro.municipio values(48,1,'282','FREDONIA');
insert into maestro.municipio values(49,1,'284','FRONTINO');
insert into maestro.municipio values(50,1,'306','GIRALDO');
insert into maestro.municipio values(51,1,'308','GIRARDOTA');
insert into maestro.municipio values(52,1,'310','GOMEZ PLATA');
insert into maestro.municipio values(53,1,'313','GRANADA');
insert into maestro.municipio values(54,1,'315','GUADALUPE');
insert into maestro.municipio values(55,1,'318','GUARNE');
insert into maestro.municipio values(56,1,'321','GUATAPE');
insert into maestro.municipio values(57,1,'347','HELICONIA');
insert into maestro.municipio values(58,1,'353','HISPANIA');
insert into maestro.municipio values(59,1,'360','ITAGUI');
insert into maestro.municipio values(60,1,'361','ITUANGO');
insert into maestro.municipio values(61,1,'364','JARDIN');
insert into maestro.municipio values(62,1,'368','JERICO');
insert into maestro.municipio values(63,1,'376','LA CEJA');
insert into maestro.municipio values(64,1,'380','LA ESTRELLA');
insert into maestro.municipio values(65,1,'390','LA PINTADA');
insert into maestro.municipio values(66,1,'400','LA UNION');
insert into maestro.municipio values(67,1,'411','LIBORINA');
insert into maestro.municipio values(68,1,'425','MACEO');
insert into maestro.municipio values(69,1,'440','MARINILLA');
insert into maestro.municipio values(70,1,'467','MONTEBELLO');
insert into maestro.municipio values(71,1,'475','MURINDO');
insert into maestro.municipio values(72,1,'480','MUTATA');
insert into maestro.municipio values(73,1,'483','NARIÑO');
insert into maestro.municipio values(74,1,'490','NECOCLI');
insert into maestro.municipio values(75,1,'495','NECHI');
insert into maestro.municipio values(76,1,'501','OLAYA');
insert into maestro.municipio values(77,1,'541','PEÐOL');
insert into maestro.municipio values(78,1,'543','PEQUE');
insert into maestro.municipio values(79,1,'576','PUEBLORRICO');
insert into maestro.municipio values(80,1,'579','PUERTO BERRIO');
insert into maestro.municipio values(81,1,'585','PUERTO NARE');
insert into maestro.municipio values(82,1,'591','PUERTO TRIUNFO');
insert into maestro.municipio values(83,1,'604','REMEDIOS');
insert into maestro.municipio values(84,1,'607','RETIRO');
insert into maestro.municipio values(85,1,'615','RIONEGRO');
insert into maestro.municipio values(86,1,'628','SABANALARGA');
insert into maestro.municipio values(87,1,'631','SABANETA');
insert into maestro.municipio values(88,1,'642','SALGAR');
insert into maestro.municipio values(89,1,'647','SAN ANDRES DE CUERQUIA');
insert into maestro.municipio values(90,1,'649','SAN CARLOS');
insert into maestro.municipio values(91,1,'652','SAN FRANCISCO');
insert into maestro.municipio values(92,1,'656','SAN JERONIMO');
insert into maestro.municipio values(93,1,'658','SAN JOSE DE LA MONTAÑA');
insert into maestro.municipio values(94,1,'659','SAN JUAN DE URABA');
insert into maestro.municipio values(95,1,'660','SAN LUIS');
insert into maestro.municipio values(96,1,'664','SAN PEDRO');
insert into maestro.municipio values(97,1,'665','SAN PEDRO DE URABA');
insert into maestro.municipio values(98,1,'667','SAN RAFAEL');
insert into maestro.municipio values(99,1,'670','SAN ROQUE');
insert into maestro.municipio values(100,1,'674','SAN VICENTE');
insert into maestro.municipio values(101,1,'679','SANTA BARBARA');
insert into maestro.municipio values(102,1,'686','SANTA ROSA DE OSOS');
insert into maestro.municipio values(103,1,'690','SANTO DOMINGO');
insert into maestro.municipio values(104,1,'697','EL SANTUARIO');
insert into maestro.municipio values(105,1,'736','SEGOVIA');
insert into maestro.municipio values(106,1,'756','SONSON');
insert into maestro.municipio values(107,1,'761','SOPETRAN');
insert into maestro.municipio values(108,1,'789','TAMESIS');
insert into maestro.municipio values(109,1,'790','TARAZA');
insert into maestro.municipio values(110,1,'792','TARSO');
insert into maestro.municipio values(111,1,'809','TITIRIBI');
insert into maestro.municipio values(112,1,'819','TOLEDO');
insert into maestro.municipio values(113,1,'837','TURBO');
insert into maestro.municipio values(114,1,'842','URAMITA');
insert into maestro.municipio values(115,1,'847','URRAO');
insert into maestro.municipio values(116,1,'854','VALDIVIA');
insert into maestro.municipio values(117,1,'856','VALPARAISO');
insert into maestro.municipio values(118,1,'858','VEGACHI');
insert into maestro.municipio values(119,1,'861','VENECIA');
insert into maestro.municipio values(120,1,'873','VIGIA DEL FUERTE');
insert into maestro.municipio values(121,1,'885','YALI');
insert into maestro.municipio values(122,1,'887','YARUMAL');
insert into maestro.municipio values(123,1,'890','YOLOMBO');
insert into maestro.municipio values(124,1,'893','YONDO');
insert into maestro.municipio values(125,1,'895','ZARAGOZA');
insert into maestro.municipio values(126,2,'001','BARRANQUILLA');
insert into maestro.municipio values(127,2,'078','BARANOA');
insert into maestro.municipio values(128,2,'137','CAMPO DE LA CRUZ');
insert into maestro.municipio values(129,2,'141','CANDELARIA');
insert into maestro.municipio values(130,2,'296','GALAPA');
insert into maestro.municipio values(131,2,'372','JUAN DE ACOSTA');
insert into maestro.municipio values(132,2,'421','LURUACO');
insert into maestro.municipio values(133,2,'433','MALAMBO');
insert into maestro.municipio values(134,2,'436','MANATI');
insert into maestro.municipio values(135,2,'520','PALMAR DE VARELA');
insert into maestro.municipio values(136,2,'549','PIOJO');
insert into maestro.municipio values(137,2,'558','POLONUEVO');
insert into maestro.municipio values(138,2,'560','PONEDERA');
insert into maestro.municipio values(139,2,'573','PUERTO COLOMBIA');
insert into maestro.municipio values(140,2,'606','REPELON');
insert into maestro.municipio values(141,2,'634','SABANAGRANDE');
insert into maestro.municipio values(142,2,'638','SABANALARGA');
insert into maestro.municipio values(143,2,'675','SANTA LUCIA');
insert into maestro.municipio values(144,2,'685','SANTO TOMAS');
insert into maestro.municipio values(145,2,'758','SOLEDAD');
insert into maestro.municipio values(146,2,'770','SUAN');
insert into maestro.municipio values(147,2,'832','TUBARA');
insert into maestro.municipio values(148,2,'849','USIACURI');
insert into maestro.municipio values(149,3,'001','BOGOTA, D.C.');
insert into maestro.municipio values(150,4,'001','CARTAGENA');
insert into maestro.municipio values(151,4,'006','ACHI');
insert into maestro.municipio values(152,4,'030','ALTOS DEL ROSARIO');
insert into maestro.municipio values(153,4,'042','ARENAL');
insert into maestro.municipio values(154,4,'052','ARJONA');
insert into maestro.municipio values(155,4,'062','ARROYOHONDO');
insert into maestro.municipio values(156,4,'074','BARRANCO DE LOBA');
insert into maestro.municipio values(157,4,'140','CALAMAR');
insert into maestro.municipio values(158,4,'160','CANTAGALLO');
insert into maestro.municipio values(159,4,'188','CICUCO');
insert into maestro.municipio values(160,4,'212','CORDOBA');
insert into maestro.municipio values(161,4,'222','CLEMENCIA');
insert into maestro.municipio values(162,4,'244','EL CARMEN DE BOLIVAR');
insert into maestro.municipio values(163,4,'248','EL GUAMO');
insert into maestro.municipio values(164,4,'268','EL PEÑON');
insert into maestro.municipio values(165,4,'300','HATILLO DE LOBA');
insert into maestro.municipio values(166,4,'430','MAGANGUE');
insert into maestro.municipio values(167,4,'433','MAHATES');
insert into maestro.municipio values(168,4,'440','MARGARITA');
insert into maestro.municipio values(169,4,'442','MARIA LA BAJA');
insert into maestro.municipio values(170,4,'458','MONTECRISTO');
insert into maestro.municipio values(171,4,'468','MOMPOS');
insert into maestro.municipio values(172,4,'490','NOROSI');
insert into maestro.municipio values(173,4,'473','MORALES');
insert into maestro.municipio values(174,4,'549','PINILLOS');
insert into maestro.municipio values(175,4,'580','REGIDOR');
insert into maestro.municipio values(176,4,'600','RIO VIEJO');
insert into maestro.municipio values(177,4,'620','SAN CRISTOBAL');
insert into maestro.municipio values(178,4,'647','SAN ESTANISLAO');
insert into maestro.municipio values(179,4,'650','SAN FERNANDO');
insert into maestro.municipio values(180,4,'654','SAN JACINTO');
insert into maestro.municipio values(181,4,'655','SAN JACINTO DEL CAUCA');
insert into maestro.municipio values(182,4,'657','SAN JUAN NEPOMUCENO');
insert into maestro.municipio values(183,4,'667','SAN MARTIN DE LOBA');
insert into maestro.municipio values(184,4,'670','SAN PABLO');
insert into maestro.municipio values(185,4,'673','SANTA CATALINA');
insert into maestro.municipio values(186,4,'683','SANTA ROSA');
insert into maestro.municipio values(187,4,'688','SANTA ROSA DEL SUR');
insert into maestro.municipio values(188,4,'744','SIMITI');
insert into maestro.municipio values(189,4,'760','SOPLAVIENTO');
insert into maestro.municipio values(190,4,'780','TALAIGUA NUEVO');
insert into maestro.municipio values(191,4,'810','TIQUISIO');
insert into maestro.municipio values(192,4,'836','TURBACO');
insert into maestro.municipio values(193,4,'838','TURBANA');
insert into maestro.municipio values(194,4,'873','VILLANUEVA');
insert into maestro.municipio values(195,4,'894','ZAMBRANO');
insert into maestro.municipio values(196,5,'001','TUNJA');
insert into maestro.municipio values(197,5,'022','ALMEIDA');
insert into maestro.municipio values(198,5,'047','AQUITANIA');
insert into maestro.municipio values(199,5,'051','ARCABUCO');
insert into maestro.municipio values(200,5,'087','BELEN');
insert into maestro.municipio values(201,5,'090','BERBEO');
insert into maestro.municipio values(202,5,'092','BETEITIVA');
insert into maestro.municipio values(203,5,'097','BOAVITA');
insert into maestro.municipio values(204,5,'104','BOYACA');
insert into maestro.municipio values(205,5,'106','BRICEÑO');
insert into maestro.municipio values(206,5,'109','BUENAVISTA');
insert into maestro.municipio values(207,5,'114','BUSBANZA');
insert into maestro.municipio values(208,5,'131','CALDAS');
insert into maestro.municipio values(209,5,'135','CAMPOHERMOSO');
insert into maestro.municipio values(210,5,'162','CERINZA');
insert into maestro.municipio values(211,5,'172','CHINAVITA');
insert into maestro.municipio values(212,5,'176','CHIQUINQUIRA');
insert into maestro.municipio values(213,5,'180','CHISCAS');
insert into maestro.municipio values(214,5,'183','CHITA');
insert into maestro.municipio values(215,5,'185','CHITARAQUE');
insert into maestro.municipio values(216,5,'187','CHIVATA');
insert into maestro.municipio values(217,5,'189','CIENEGA');
insert into maestro.municipio values(218,5,'204','COMBITA');
insert into maestro.municipio values(219,5,'212','COPER');
insert into maestro.municipio values(220,5,'215','CORRALES');
insert into maestro.municipio values(221,5,'218','COVARACHIA');
insert into maestro.municipio values(222,5,'223','CUBARA');
insert into maestro.municipio values(223,5,'224','CUCAITA');
insert into maestro.municipio values(224,5,'226','CUITIVA');
insert into maestro.municipio values(225,5,'232','CHIQUIZA');
insert into maestro.municipio values(226,5,'236','CHIVOR');
insert into maestro.municipio values(227,5,'238','DUITAMA');
insert into maestro.municipio values(228,5,'244','EL COCUY');
insert into maestro.municipio values(229,5,'248','EL ESPINO');
insert into maestro.municipio values(230,5,'272','FIRAVITOBA');
insert into maestro.municipio values(231,5,'276','FLORESTA');
insert into maestro.municipio values(232,5,'293','GACHANTIVA');
insert into maestro.municipio values(233,5,'296','GAMEZA');
insert into maestro.municipio values(234,5,'299','GARAGOA');
insert into maestro.municipio values(235,5,'317','GUACAMAYAS');
insert into maestro.municipio values(236,5,'322','GUATEQUE');
insert into maestro.municipio values(237,5,'325','GUAYATA');
insert into maestro.municipio values(238,5,'332','GsICAN');
insert into maestro.municipio values(239,5,'362','IZA');
insert into maestro.municipio values(240,5,'367','JENESANO');
insert into maestro.municipio values(241,5,'368','JERICO');
insert into maestro.municipio values(242,5,'377','LABRANZAGRANDE');
insert into maestro.municipio values(243,5,'380','LA CAPILLA');
insert into maestro.municipio values(244,5,'401','LA VICTORIA');
insert into maestro.municipio values(245,5,'403','LA UVITA');
insert into maestro.municipio values(246,5,'407','VILLA DE LEYVA');
insert into maestro.municipio values(247,5,'425','MACANAL');
insert into maestro.municipio values(248,5,'442','MARIPI');
insert into maestro.municipio values(249,5,'455','MIRAFLORES');
insert into maestro.municipio values(250,5,'464','MONGUA');
insert into maestro.municipio values(251,5,'466','MONGUI');
insert into maestro.municipio values(252,5,'469','MONIQUIRA');
insert into maestro.municipio values(253,5,'476','MOTAVITA');
insert into maestro.municipio values(254,5,'480','MUZO');
insert into maestro.municipio values(255,5,'491','NOBSA');
insert into maestro.municipio values(256,5,'494','NUEVO COLON');
insert into maestro.municipio values(257,5,'500','OICATA');
insert into maestro.municipio values(258,5,'507','OTANCHE');
insert into maestro.municipio values(259,5,'511','PACHAVITA');
insert into maestro.municipio values(260,5,'514','PAEZ');
insert into maestro.municipio values(261,5,'516','PAIPA');
insert into maestro.municipio values(262,5,'518','PAJARITO');
insert into maestro.municipio values(263,5,'522','PANQUEBA');
insert into maestro.municipio values(264,5,'531','PAUNA');
insert into maestro.municipio values(265,5,'533','PAYA');
insert into maestro.municipio values(266,5,'537','PAZ DE RIO');
insert into maestro.municipio values(267,5,'542','PESCA');
insert into maestro.municipio values(268,5,'550','PISBA');
insert into maestro.municipio values(269,5,'572','PUERTO BOYACA');
insert into maestro.municipio values(270,5,'580','QUIPAMA');
insert into maestro.municipio values(271,5,'599','RAMIRIQUI');
insert into maestro.municipio values(272,5,'600','RAQUIRA');
insert into maestro.municipio values(273,5,'621','RONDON');
insert into maestro.municipio values(274,5,'632','SABOYA');
insert into maestro.municipio values(275,5,'638','SACHICA');
insert into maestro.municipio values(276,5,'646','SAMACA');
insert into maestro.municipio values(277,5,'660','SAN EDUARDO');
insert into maestro.municipio values(278,5,'664','SAN JOSE DE PARE');
insert into maestro.municipio values(279,5,'667','SAN LUIS DE GACENO');
insert into maestro.municipio values(280,5,'673','SAN MATEO');
insert into maestro.municipio values(281,5,'676','SAN MIGUEL DE SEMA');
insert into maestro.municipio values(282,5,'681','SAN PABLO DE BORBUR');
insert into maestro.municipio values(283,5,'686','SANTANA');
insert into maestro.municipio values(284,5,'690','SANTA MARIA');
insert into maestro.municipio values(285,5,'693','SANTA ROSA DE VITERBO');
insert into maestro.municipio values(286,5,'696','SANTA SOFIA');
insert into maestro.municipio values(287,5,'720','SATIVANORTE');
insert into maestro.municipio values(288,5,'723','SATIVASUR');
insert into maestro.municipio values(289,5,'740','SIACHOQUE');
insert into maestro.municipio values(290,5,'753','SOATA');
insert into maestro.municipio values(291,5,'755','SOCOTA');
insert into maestro.municipio values(292,5,'757','SOCHA');
insert into maestro.municipio values(293,5,'759','SOGAMOSO');
insert into maestro.municipio values(294,5,'761','SOMONDOCO');
insert into maestro.municipio values(295,5,'762','SORA');
insert into maestro.municipio values(296,5,'763','SOTAQUIRA');
insert into maestro.municipio values(297,5,'764','SORACA');
insert into maestro.municipio values(298,5,'774','SUSACON');
insert into maestro.municipio values(299,5,'776','SUTAMARCHAN');
insert into maestro.municipio values(300,5,'778','SUTATENZA');
insert into maestro.municipio values(301,5,'790','TASCO');
insert into maestro.municipio values(302,5,'798','TENZA');
insert into maestro.municipio values(303,5,'804','TIBANA');
insert into maestro.municipio values(304,5,'806','TIBASOSA');
insert into maestro.municipio values(305,5,'808','TINJACA');
insert into maestro.municipio values(306,5,'810','TIPACOQUE');
insert into maestro.municipio values(307,5,'814','TOCA');
insert into maestro.municipio values(308,5,'816','TOGsI');
insert into maestro.municipio values(309,5,'820','TOPAGA');
insert into maestro.municipio values(310,5,'822','TOTA');
insert into maestro.municipio values(311,5,'832','TUNUNGUA');
insert into maestro.municipio values(312,5,'835','TURMEQUE');
insert into maestro.municipio values(313,5,'837','TUTA');
insert into maestro.municipio values(314,5,'839','TUTAZA');
insert into maestro.municipio values(315,5,'842','UMBITA');
insert into maestro.municipio values(316,5,'861','VENTAQUEMADA');
insert into maestro.municipio values(317,5,'879','VIRACACHA');
insert into maestro.municipio values(318,5,'897','ZETAQUIRA');
insert into maestro.municipio values(319,6,'001','MANIZALES');
insert into maestro.municipio values(320,6,'013','AGUADAS');
insert into maestro.municipio values(321,6,'042','ANSERMA');
insert into maestro.municipio values(322,6,'050','ARANZAZU');
insert into maestro.municipio values(323,6,'088','BELALCAZAR');
insert into maestro.municipio values(324,6,'174','CHINCHINA');
insert into maestro.municipio values(325,6,'272','FILADELFIA');
insert into maestro.municipio values(326,6,'380','LA DORADA');
insert into maestro.municipio values(327,6,'388','LA MERCED');
insert into maestro.municipio values(328,6,'433','MANZANARES');
insert into maestro.municipio values(329,6,'442','MARMATO');
insert into maestro.municipio values(330,6,'444','MARQUETALIA');
insert into maestro.municipio values(331,6,'446','MARULANDA');
insert into maestro.municipio values(332,6,'486','NEIRA');
insert into maestro.municipio values(333,6,'495','NORCASIA');
insert into maestro.municipio values(334,6,'513','PACORA');
insert into maestro.municipio values(335,6,'524','PALESTINA');
insert into maestro.municipio values(336,6,'541','PENSILVANIA');
insert into maestro.municipio values(337,6,'614','RIOSUCIO');
insert into maestro.municipio values(338,6,'616','RISARALDA');
insert into maestro.municipio values(339,6,'653','SALAMINA');
insert into maestro.municipio values(340,6,'662','SAMANA');
insert into maestro.municipio values(341,6,'665','SAN JOSE');
insert into maestro.municipio values(342,6,'777','SUPIA');
insert into maestro.municipio values(343,6,'867','VICTORIA');
insert into maestro.municipio values(344,6,'873','VILLAMARIA');
insert into maestro.municipio values(345,6,'877','VITERBO');
insert into maestro.municipio values(346,7,'001','FLORENCIA');
insert into maestro.municipio values(347,7,'029','ALBANIA');
insert into maestro.municipio values(348,7,'094','BELEN DE LOS ANDAQUIES');
insert into maestro.municipio values(349,7,'150','CARTAGENA DEL CHAIRA');
insert into maestro.municipio values(350,7,'205','CURILLO');
insert into maestro.municipio values(351,7,'247','EL DONCELLO');
insert into maestro.municipio values(352,7,'256','EL PAUJIL');
insert into maestro.municipio values(353,7,'410','LA MONTAÑITA');
insert into maestro.municipio values(354,7,'460','MILAN');
insert into maestro.municipio values(355,7,'479','MORELIA');
insert into maestro.municipio values(356,7,'592','PUERTO RICO');
insert into maestro.municipio values(357,7,'610','SAN JOSE DEL FRAGUA');
insert into maestro.municipio values(358,7,'753','SAN VICENTE DEL CAGUAN');
insert into maestro.municipio values(359,7,'756','SOLANO');
insert into maestro.municipio values(360,7,'785','SOLITA');
insert into maestro.municipio values(361,7,'860','VALPARAISO');
insert into maestro.municipio values(362,8,'001','POPAYAN');
insert into maestro.municipio values(363,8,'022','ALMAGUER');
insert into maestro.municipio values(364,8,'050','ARGELIA');
insert into maestro.municipio values(365,8,'075','BALBOA');
insert into maestro.municipio values(366,8,'100','BOLIVAR');
insert into maestro.municipio values(367,8,'110','BUENOS AIRES');
insert into maestro.municipio values(368,8,'130','CAJIBIO');
insert into maestro.municipio values(369,8,'137','CALDONO');
insert into maestro.municipio values(370,8,'142','CALOTO');
insert into maestro.municipio values(371,8,'212','CORINTO');
insert into maestro.municipio values(372,8,'256','EL TAMBO');
insert into maestro.municipio values(373,8,'290','FLORENCIA');
insert into maestro.municipio values(374,8,'300','GUACHENE');
insert into maestro.municipio values(375,8,'318','GUAPI');
insert into maestro.municipio values(376,8,'355','INZA');
insert into maestro.municipio values(377,8,'364','JAMBALO');
insert into maestro.municipio values(378,8,'392','LA SIERRA');
insert into maestro.municipio values(379,8,'397','LA VEGA');
insert into maestro.municipio values(380,8,'418','LOPEZ');
insert into maestro.municipio values(381,8,'450','MERCADERES');
insert into maestro.municipio values(382,8,'455','MIRANDA');
insert into maestro.municipio values(383,8,'473','MORALES');
insert into maestro.municipio values(384,8,'513','PADILLA');
insert into maestro.municipio values(385,8,'517','PAEZ');
insert into maestro.municipio values(386,8,'532','PATIA');
insert into maestro.municipio values(387,8,'533','PIAMONTE');
insert into maestro.municipio values(388,8,'548','PIENDAMO');
insert into maestro.municipio values(389,8,'573','PUERTO TEJADA');
insert into maestro.municipio values(390,8,'585','PURACE');
insert into maestro.municipio values(391,8,'622','ROSAS');
insert into maestro.municipio values(392,8,'693','SAN SEBASTIAN');
insert into maestro.municipio values(393,8,'698','SANTANDER DE QUILICHAO');
insert into maestro.municipio values(394,8,'701','SANTA ROSA');
insert into maestro.municipio values(395,8,'743','SILVIA');
insert into maestro.municipio values(396,8,'760','SOTARA');
insert into maestro.municipio values(397,8,'780','SUAREZ');
insert into maestro.municipio values(398,8,'785','SUCRE');
insert into maestro.municipio values(399,8,'807','TIMBIO');
insert into maestro.municipio values(400,8,'809','TIMBIQUI');
insert into maestro.municipio values(401,8,'821','TORIBIO');
insert into maestro.municipio values(402,8,'824','TOTORO');
insert into maestro.municipio values(403,8,'845','VILLA RICA');
insert into maestro.municipio values(404,9,'001','VALLEDUPAR');
insert into maestro.municipio values(405,9,'011','AGUACHICA');
insert into maestro.municipio values(406,9,'013','AGUSTIN CODAZZI');
insert into maestro.municipio values(407,9,'032','ASTREA');
insert into maestro.municipio values(408,9,'045','BECERRIL');
insert into maestro.municipio values(409,9,'060','BOSCONIA');
insert into maestro.municipio values(410,9,'175','CHIMICHAGUA');
insert into maestro.municipio values(411,9,'178','CHIRIGUANA');
insert into maestro.municipio values(412,9,'228','CURUMANI');
insert into maestro.municipio values(413,9,'238','EL COPEY');
insert into maestro.municipio values(414,9,'250','EL PASO');
insert into maestro.municipio values(415,9,'295','GAMARRA');
insert into maestro.municipio values(416,9,'310','GONZALEZ');
insert into maestro.municipio values(417,9,'383','LA GLORIA');
insert into maestro.municipio values(418,9,'400','LA JAGUA DE IBIRICO');
insert into maestro.municipio values(419,9,'443','MANAURE');
insert into maestro.municipio values(420,9,'517','PAILITAS');
insert into maestro.municipio values(421,9,'550','PELAYA');
insert into maestro.municipio values(422,9,'570','PUEBLO BELLO');
insert into maestro.municipio values(423,9,'614','RIO DE ORO');
insert into maestro.municipio values(424,9,'621','LA PAZ');
insert into maestro.municipio values(425,9,'710','SAN ALBERTO');
insert into maestro.municipio values(426,9,'750','SAN DIEGO');
insert into maestro.municipio values(427,9,'770','SAN MARTIN');
insert into maestro.municipio values(428,9,'787','TAMALAMEQUE');
insert into maestro.municipio values(429,10,'001','MONTERIA');
insert into maestro.municipio values(430,10,'068','AYAPEL');
insert into maestro.municipio values(431,10,'079','BUENAVISTA');
insert into maestro.municipio values(432,10,'090','CANALETE');
insert into maestro.municipio values(433,10,'162','CERETE');
insert into maestro.municipio values(434,10,'168','CHIMA');
insert into maestro.municipio values(435,10,'182','CHINU');
insert into maestro.municipio values(436,10,'189','CIENAGA DE ORO');
insert into maestro.municipio values(437,10,'300','COTORRA');
insert into maestro.municipio values(438,10,'350','LA APARTADA');
insert into maestro.municipio values(439,10,'417','LORICA');
insert into maestro.municipio values(440,10,'419','LOS CORDOBAS');
insert into maestro.municipio values(441,10,'464','MOMIL');
insert into maestro.municipio values(442,10,'466','MONTELIBANO');
insert into maestro.municipio values(443,10,'500','MOÑITOS');
insert into maestro.municipio values(444,10,'555','PLANETA RICA');
insert into maestro.municipio values(445,10,'570','PUEBLO NUEVO');
insert into maestro.municipio values(446,10,'574','PUERTO ESCONDIDO');
insert into maestro.municipio values(447,10,'580','PUERTO LIBERTADOR');
insert into maestro.municipio values(448,10,'586','PURISIMA');
insert into maestro.municipio values(449,10,'660','SAHAGUN');
insert into maestro.municipio values(450,10,'670','SAN ANDRES SOTAVENTO');
insert into maestro.municipio values(451,10,'672','SAN ANTERO');
insert into maestro.municipio values(452,10,'675','SAN BERNARDO DEL VIENTO');
insert into maestro.municipio values(453,10,'678','SAN CARLOS');
insert into maestro.municipio values(454,10,'686','SAN PELAYO');
insert into maestro.municipio values(455,10,'807','TIERRALTA');
insert into maestro.municipio values(456,10,'855','VALENCIA');
insert into maestro.municipio values(457,11,'001','AGUA DE DIOS');
insert into maestro.municipio values(458,11,'019','ALBAN');
insert into maestro.municipio values(459,11,'035','ANAPOIMA');
insert into maestro.municipio values(460,11,'040','ANOLAIMA');
insert into maestro.municipio values(461,11,'053','ARBELAEZ');
insert into maestro.municipio values(462,11,'086','BELTRAN');
insert into maestro.municipio values(463,11,'095','BITUIMA');
insert into maestro.municipio values(464,11,'099','BOJACA');
insert into maestro.municipio values(465,11,'120','CABRERA');
insert into maestro.municipio values(466,11,'123','CACHIPAY');
insert into maestro.municipio values(467,11,'126','CAJICA');
insert into maestro.municipio values(468,11,'148','CAPARRAPI');
insert into maestro.municipio values(469,11,'151','CAQUEZA');
insert into maestro.municipio values(470,11,'154','CARMEN DE CARUPA');
insert into maestro.municipio values(471,11,'168','CHAGUANI');
insert into maestro.municipio values(472,11,'175','CHIA');
insert into maestro.municipio values(473,11,'178','CHIPAQUE');
insert into maestro.municipio values(474,11,'181','CHOACHI');
insert into maestro.municipio values(475,11,'183','CHOCONTA');
insert into maestro.municipio values(476,11,'200','COGUA');
insert into maestro.municipio values(477,11,'214','COTA');
insert into maestro.municipio values(478,11,'224','CUCUNUBA');
insert into maestro.municipio values(479,11,'245','EL COLEGIO');
insert into maestro.municipio values(480,11,'258','EL PEÑON');
insert into maestro.municipio values(481,11,'260','EL ROSAL');
insert into maestro.municipio values(482,11,'269','FACATATIVA');
insert into maestro.municipio values(483,11,'279','FOMEQUE');
insert into maestro.municipio values(484,11,'281','FOSCA');
insert into maestro.municipio values(485,11,'286','FUNZA');
insert into maestro.municipio values(486,11,'288','FUQUENE');
insert into maestro.municipio values(487,11,'290','FUSAGASUGA');
insert into maestro.municipio values(488,11,'293','GACHALA');
insert into maestro.municipio values(489,11,'295','GACHANCIPA');
insert into maestro.municipio values(490,11,'297','GACHETA');
insert into maestro.municipio values(491,11,'299','GAMA');
insert into maestro.municipio values(492,11,'307','GIRARDOT');
insert into maestro.municipio values(493,11,'312','GRANADA');
insert into maestro.municipio values(494,11,'317','GUACHETA');
insert into maestro.municipio values(495,11,'320','GUADUAS');
insert into maestro.municipio values(496,11,'322','GUASCA');
insert into maestro.municipio values(497,11,'324','GUATAQUI');
insert into maestro.municipio values(498,11,'326','GUATAVITA');
insert into maestro.municipio values(499,11,'328','GUAYABAL DE SIQUIMA');
insert into maestro.municipio values(500,11,'335','GUAYABETAL');
insert into maestro.municipio values(501,11,'339','GUTIERREZ');
insert into maestro.municipio values(502,11,'368','JERUSALEN');
insert into maestro.municipio values(503,11,'372','JUNIN');
insert into maestro.municipio values(504,11,'377','LA CALERA');
insert into maestro.municipio values(505,11,'386','LA MESA');
insert into maestro.municipio values(506,11,'394','LA PALMA');
insert into maestro.municipio values(507,11,'398','LA PEÑA');
insert into maestro.municipio values(508,11,'402','LA VEGA');
insert into maestro.municipio values(509,11,'407','LENGUAZAQUE');
insert into maestro.municipio values(510,11,'426','MACHETA');
insert into maestro.municipio values(511,11,'430','MADRID');
insert into maestro.municipio values(512,11,'436','MANTA');
insert into maestro.municipio values(513,11,'438','MEDINA');
insert into maestro.municipio values(514,11,'473','MOSQUERA');
insert into maestro.municipio values(515,11,'483','NARIÑO');
insert into maestro.municipio values(516,11,'486','NEMOCON');
insert into maestro.municipio values(517,11,'488','NILO');
insert into maestro.municipio values(518,11,'489','NIMAIMA');
insert into maestro.municipio values(519,11,'491','NOCAIMA');
insert into maestro.municipio values(520,11,'506','VENECIA');
insert into maestro.municipio values(521,11,'513','PACHO');
insert into maestro.municipio values(522,11,'518','PAIME');
insert into maestro.municipio values(523,11,'524','PANDI');
insert into maestro.municipio values(524,11,'530','PARATEBUENO');
insert into maestro.municipio values(525,11,'535','PASCA');
insert into maestro.municipio values(526,11,'572','PUERTO SALGAR');
insert into maestro.municipio values(527,11,'580','PULI');
insert into maestro.municipio values(528,11,'592','QUEBRADANEGRA');
insert into maestro.municipio values(529,11,'594','QUETAME');
insert into maestro.municipio values(530,11,'596','QUIPILE');
insert into maestro.municipio values(531,11,'599','APULO');
insert into maestro.municipio values(532,11,'612','RICAURTE');
insert into maestro.municipio values(533,11,'645','SAN ANTONIO DEL TEQUENDAMA');
insert into maestro.municipio values(534,11,'649','SAN BERNARDO');
insert into maestro.municipio values(535,11,'653','SAN CAYETANO');
insert into maestro.municipio values(536,11,'658','SAN FRANCISCO');
insert into maestro.municipio values(537,11,'662','SAN JUAN DE RIO SECO');
insert into maestro.municipio values(538,11,'718','SASAIMA');
insert into maestro.municipio values(539,11,'736','SESQUILE');
insert into maestro.municipio values(540,11,'740','SIBATE');
insert into maestro.municipio values(541,11,'743','SILVANIA');
insert into maestro.municipio values(542,11,'745','SIMIJACA');
insert into maestro.municipio values(543,11,'754','SOACHA');
insert into maestro.municipio values(544,11,'758','SOPO');
insert into maestro.municipio values(545,11,'769','SUBACHOQUE');
insert into maestro.municipio values(546,11,'772','SUESCA');
insert into maestro.municipio values(547,11,'777','SUPATA');
insert into maestro.municipio values(548,11,'779','SUSA');
insert into maestro.municipio values(549,11,'781','SUTATAUSA');
insert into maestro.municipio values(550,11,'785','TABIO');
insert into maestro.municipio values(551,11,'793','TAUSA');
insert into maestro.municipio values(552,11,'797','TENA');
insert into maestro.municipio values(553,11,'799','TENJO');
insert into maestro.municipio values(554,11,'805','TIBACUY');
insert into maestro.municipio values(555,11,'807','TIBIRITA');
insert into maestro.municipio values(556,11,'815','TOCAIMA');
insert into maestro.municipio values(557,11,'817','TOCANCIPA');
insert into maestro.municipio values(558,11,'823','TOPAIPI');
insert into maestro.municipio values(559,11,'839','UBALA');
insert into maestro.municipio values(560,11,'841','UBAQUE');
insert into maestro.municipio values(561,11,'843','VILLA DE SAN DIEGO DE UBATE');
insert into maestro.municipio values(562,11,'845','UNE');
insert into maestro.municipio values(563,11,'851','UTICA');
insert into maestro.municipio values(564,11,'862','VERGARA');
insert into maestro.municipio values(565,11,'867','VIANI');
insert into maestro.municipio values(566,11,'871','VILLAGOMEZ');
insert into maestro.municipio values(567,11,'873','VILLAPINZON');
insert into maestro.municipio values(568,11,'875','VILLETA');
insert into maestro.municipio values(569,11,'878','VIOTA');
insert into maestro.municipio values(570,11,'885','YACOPI');
insert into maestro.municipio values(571,11,'898','ZIPACON');
insert into maestro.municipio values(572,11,'899','ZIPAQUIRA');
insert into maestro.municipio values(573,12,'001','QUIBDO');
insert into maestro.municipio values(574,12,'006','ACANDI');
insert into maestro.municipio values(575,12,'025','ALTO BAUDO');
insert into maestro.municipio values(576,12,'050','ATRATO');
insert into maestro.municipio values(577,12,'073','BAGADO');
insert into maestro.municipio values(578,12,'075','BAHIA SOLANO');
insert into maestro.municipio values(579,12,'077','BAJO BAUDO');
insert into maestro.municipio values(580,12,'099','BOJAYA');
insert into maestro.municipio values(581,12,'135','EL CANTON DEL SAN PABLO');
insert into maestro.municipio values(582,12,'150','CARMEN DEL DARIEN');
insert into maestro.municipio values(583,12,'160','CERTEGUI');
insert into maestro.municipio values(584,12,'205','CONDOTO');
insert into maestro.municipio values(585,12,'245','EL CARMEN DE ATRATO');
insert into maestro.municipio values(586,12,'250','EL LITORAL DEL SAN JUAN');
insert into maestro.municipio values(587,12,'361','ISTMINA');
insert into maestro.municipio values(588,12,'372','JURADO');
insert into maestro.municipio values(589,12,'413','LLORO');
insert into maestro.municipio values(590,12,'425','MEDIO ATRATO');
insert into maestro.municipio values(591,12,'430','MEDIO BAUDO');
insert into maestro.municipio values(592,12,'450','MEDIO SAN JUAN');
insert into maestro.municipio values(593,12,'491','NOVITA');
insert into maestro.municipio values(594,12,'495','NUQUI');
insert into maestro.municipio values(595,12,'580','RIO IRO');
insert into maestro.municipio values(596,12,'600','RIO QUITO');
insert into maestro.municipio values(597,12,'615','RIOSUCIO');
insert into maestro.municipio values(598,12,'660','SAN JOSE DEL PALMAR');
insert into maestro.municipio values(599,12,'745','SIPI');
insert into maestro.municipio values(600,12,'787','TADO');
insert into maestro.municipio values(601,12,'800','UNGUIA');
insert into maestro.municipio values(602,12,'810','UNION PANAMERICANA');
insert into maestro.municipio values(603,13,'001','NEIVA');
insert into maestro.municipio values(604,13,'006','ACEVEDO');
insert into maestro.municipio values(605,13,'013','AGRADO');
insert into maestro.municipio values(606,13,'016','AIPE');
insert into maestro.municipio values(607,13,'020','ALGECIRAS');
insert into maestro.municipio values(608,13,'026','ALTAMIRA');
insert into maestro.municipio values(609,13,'078','BARAYA');
insert into maestro.municipio values(610,13,'132','CAMPOALEGRE');
insert into maestro.municipio values(611,13,'206','COLOMBIA');
insert into maestro.municipio values(612,13,'244','ELIAS');
insert into maestro.municipio values(613,13,'298','GARZON');
insert into maestro.municipio values(614,13,'306','GIGANTE');
insert into maestro.municipio values(615,13,'319','GUADALUPE');
insert into maestro.municipio values(616,13,'349','HOBO');
insert into maestro.municipio values(617,13,'357','IQUIRA');
insert into maestro.municipio values(618,13,'359','ISNOS');
insert into maestro.municipio values(619,13,'378','LA ARGENTINA');
insert into maestro.municipio values(620,13,'396','LA PLATA');
insert into maestro.municipio values(621,13,'483','NATAGA');
insert into maestro.municipio values(622,13,'503','OPORAPA');
insert into maestro.municipio values(623,13,'518','PAICOL');
insert into maestro.municipio values(624,13,'524','PALERMO');
insert into maestro.municipio values(625,13,'530','PALESTINA');
insert into maestro.municipio values(626,13,'548','PITAL');
insert into maestro.municipio values(627,13,'551','PITALITO');
insert into maestro.municipio values(628,13,'615','RIVERA');
insert into maestro.municipio values(629,13,'660','SALADOBLANCO');
insert into maestro.municipio values(630,13,'668','SAN AGUSTIN');
insert into maestro.municipio values(631,13,'676','SANTA MARIA');
insert into maestro.municipio values(632,13,'770','SUAZA');
insert into maestro.municipio values(633,13,'791','TARQUI');
insert into maestro.municipio values(634,13,'797','TESALIA');
insert into maestro.municipio values(635,13,'799','TELLO');
insert into maestro.municipio values(636,13,'801','TERUEL');
insert into maestro.municipio values(637,13,'807','TIMANA');
insert into maestro.municipio values(638,13,'872','VILLAVIEJA');
insert into maestro.municipio values(639,13,'885','YAGUARA');
insert into maestro.municipio values(640,14,'001','RIOHACHA');
insert into maestro.municipio values(641,14,'035','ALBANIA');
insert into maestro.municipio values(642,14,'078','BARRANCAS');
insert into maestro.municipio values(643,14,'090','DIBULLA');
insert into maestro.municipio values(644,14,'098','DISTRACCION');
insert into maestro.municipio values(645,14,'110','EL MOLINO');
insert into maestro.municipio values(646,14,'279','FONSECA');
insert into maestro.municipio values(647,14,'378','HATONUEVO');
insert into maestro.municipio values(648,14,'420','LA JAGUA DEL PILAR');
insert into maestro.municipio values(649,14,'430','MAICAO');
insert into maestro.municipio values(650,14,'560','MANAURE');
insert into maestro.municipio values(651,14,'650','SAN JUAN DEL CESAR');
insert into maestro.municipio values(652,14,'847','URIBIA');
insert into maestro.municipio values(653,14,'855','URUMITA');
insert into maestro.municipio values(654,14,'874','VILLANUEVA');
insert into maestro.municipio values(655,15,'001','SANTA MARTA');
insert into maestro.municipio values(656,15,'030','ALGARROBO');
insert into maestro.municipio values(657,15,'053','ARACATACA');
insert into maestro.municipio values(658,15,'058','ARIGUANI');
insert into maestro.municipio values(659,15,'161','CERRO SAN ANTONIO');
insert into maestro.municipio values(660,15,'170','CHIBOLO');
insert into maestro.municipio values(661,15,'189','CIENAGA');
insert into maestro.municipio values(662,15,'205','CONCORDIA');
insert into maestro.municipio values(663,15,'245','EL BANCO');
insert into maestro.municipio values(664,15,'258','EL PIÑON');
insert into maestro.municipio values(665,15,'268','EL RETEN');
insert into maestro.municipio values(666,15,'288','FUNDACION');
insert into maestro.municipio values(667,15,'318','GUAMAL');
insert into maestro.municipio values(668,15,'460','NUEVA GRANADA');
insert into maestro.municipio values(669,15,'541','PEDRAZA');
insert into maestro.municipio values(670,15,'545','PIJIÑO DEL CARMEN');
insert into maestro.municipio values(671,15,'551','PIVIJAY');
insert into maestro.municipio values(672,15,'555','PLATO');
insert into maestro.municipio values(673,15,'570','PUEBLOVIEJO');
insert into maestro.municipio values(674,15,'605','REMOLINO');
insert into maestro.municipio values(675,15,'660','SABANAS DE SAN ANGEL');
insert into maestro.municipio values(676,15,'675','SALAMINA');
insert into maestro.municipio values(677,15,'692','SAN SEBASTIAN DE BUENAVISTA');
insert into maestro.municipio values(678,15,'703','SAN ZENON');
insert into maestro.municipio values(679,15,'707','SANTA ANA');
insert into maestro.municipio values(680,15,'720','SANTA BARBARA DE PINTO');
insert into maestro.municipio values(681,15,'745','SITIONUEVO');
insert into maestro.municipio values(682,15,'798','TENERIFE');
insert into maestro.municipio values(683,15,'960','ZAPAYAN');
insert into maestro.municipio values(684,15,'980','ZONA BANANERA');
insert into maestro.municipio values(685,16,'001','VILLAVICENCIO');
insert into maestro.municipio values(686,16,'006','ACACIAS');
insert into maestro.municipio values(687,16,'110','BARRANCA DE UPIA');
insert into maestro.municipio values(688,16,'124','CABUYARO');
insert into maestro.municipio values(689,16,'150','CASTILLA LA NUEVA');
insert into maestro.municipio values(690,16,'223','CUBARRAL');
insert into maestro.municipio values(691,16,'226','CUMARAL');
insert into maestro.municipio values(692,16,'245','EL CALVARIO');
insert into maestro.municipio values(693,16,'251','EL CASTILLO');
insert into maestro.municipio values(694,16,'270','EL DORADO');
insert into maestro.municipio values(695,16,'287','FUENTE DE ORO');
insert into maestro.municipio values(696,16,'313','GRANADA');
insert into maestro.municipio values(697,16,'318','GUAMAL');
insert into maestro.municipio values(698,16,'325','MAPIRIPAN');
insert into maestro.municipio values(699,16,'330','MESETAS');
insert into maestro.municipio values(700,16,'350','LA MACARENA');
insert into maestro.municipio values(701,16,'370','URIBE');
insert into maestro.municipio values(702,16,'400','LEJANIAS');
insert into maestro.municipio values(703,16,'450','PUERTO CONCORDIA');
insert into maestro.municipio values(704,16,'568','PUERTO GAITAN');
insert into maestro.municipio values(705,16,'573','PUERTO LOPEZ');
insert into maestro.municipio values(706,16,'577','PUERTO LLERAS');
insert into maestro.municipio values(707,16,'590','PUERTO RICO');
insert into maestro.municipio values(708,16,'606','RESTREPO');
insert into maestro.municipio values(709,16,'680','SAN CARLOS DE GUAROA');
insert into maestro.municipio values(710,16,'683','SAN JUAN DE ARAMA');
insert into maestro.municipio values(711,16,'686','SAN JUANITO');
insert into maestro.municipio values(712,16,'689','SAN MARTIN');
insert into maestro.municipio values(713,16,'711','VISTAHERMOSA');
insert into maestro.municipio values(714,17,'001','PASTO');
insert into maestro.municipio values(715,17,'019','ALBAN');
insert into maestro.municipio values(716,17,'022','ALDANA');
insert into maestro.municipio values(717,17,'036','ANCUYA');
insert into maestro.municipio values(718,17,'051','ARBOLEDA');
insert into maestro.municipio values(719,17,'079','BARBACOAS');
insert into maestro.municipio values(720,17,'083','BELEN');
insert into maestro.municipio values(721,17,'110','BUESACO');
insert into maestro.municipio values(722,17,'203','COLON');
insert into maestro.municipio values(723,17,'207','CONSACA');
insert into maestro.municipio values(724,17,'210','CONTADERO');
insert into maestro.municipio values(725,17,'215','CORDOBA');
insert into maestro.municipio values(726,17,'224','CUASPUD');
insert into maestro.municipio values(727,17,'227','CUMBAL');
insert into maestro.municipio values(728,17,'233','CUMBITARA');
insert into maestro.municipio values(729,17,'240','CHACHAGsI');
insert into maestro.municipio values(730,17,'250','EL CHARCO');
insert into maestro.municipio values(731,17,'254','EL PEÑOL');
insert into maestro.municipio values(732,17,'256','EL ROSARIO');
insert into maestro.municipio values(733,17,'258','EL TABLON DE GOMEZ');
insert into maestro.municipio values(734,17,'260','EL TAMBO');
insert into maestro.municipio values(735,17,'287','FUNES');
insert into maestro.municipio values(736,17,'317','GUACHUCAL');
insert into maestro.municipio values(737,17,'320','GUAITARILLA');
insert into maestro.municipio values(738,17,'323','GUALMATAN');
insert into maestro.municipio values(739,17,'352','ILES');
insert into maestro.municipio values(740,17,'354','IMUES');
insert into maestro.municipio values(741,17,'356','IPIALES');
insert into maestro.municipio values(742,17,'378','LA CRUZ');
insert into maestro.municipio values(743,17,'381','LA FLORIDA');
insert into maestro.municipio values(744,17,'385','LA LLANADA');
insert into maestro.municipio values(745,17,'390','LA TOLA');
insert into maestro.municipio values(746,17,'399','LA UNION');
insert into maestro.municipio values(747,17,'405','LEIVA');
insert into maestro.municipio values(748,17,'411','LINARES');
insert into maestro.municipio values(749,17,'418','LOS ANDES');
insert into maestro.municipio values(750,17,'427','MAGsI');
insert into maestro.municipio values(751,17,'435','MALLAMA');
insert into maestro.municipio values(752,17,'473','MOSQUERA');
insert into maestro.municipio values(753,17,'480','NARIÑO');
insert into maestro.municipio values(754,17,'490','OLAYA HERRERA');
insert into maestro.municipio values(755,17,'506','OSPINA');
insert into maestro.municipio values(756,17,'520','FRANCISCO PIZARRO');
insert into maestro.municipio values(757,17,'540','POLICARPA');
insert into maestro.municipio values(758,17,'560','POTOSI');
insert into maestro.municipio values(759,17,'565','PROVIDENCIA');
insert into maestro.municipio values(760,17,'573','PUERRES');
insert into maestro.municipio values(761,17,'585','PUPIALES');
insert into maestro.municipio values(762,17,'612','RICAURTE');
insert into maestro.municipio values(763,17,'621','ROBERTO PAYAN');
insert into maestro.municipio values(764,17,'678','SAMANIEGO');
insert into maestro.municipio values(765,17,'683','SANDONA');
insert into maestro.municipio values(766,17,'685','SAN BERNARDO');
insert into maestro.municipio values(767,17,'687','SAN LORENZO');
insert into maestro.municipio values(768,17,'693','SAN PABLO');
insert into maestro.municipio values(769,17,'694','SAN PEDRO DE CARTAGO');
insert into maestro.municipio values(770,17,'696','SANTA BARBARA');
insert into maestro.municipio values(771,17,'699','SANTACRUZ');
insert into maestro.municipio values(772,17,'720','SAPUYES');
insert into maestro.municipio values(773,17,'786','TAMINANGO');
insert into maestro.municipio values(774,17,'788','TANGUA');
insert into maestro.municipio values(775,17,'835','SAN ANDRES DE TUMACO');
insert into maestro.municipio values(776,17,'838','TUQUERRES');
insert into maestro.municipio values(777,17,'885','YACUANQUER');
insert into maestro.municipio values(778,18,'001','CUCUTA');
insert into maestro.municipio values(779,18,'003','ABREGO');
insert into maestro.municipio values(780,18,'051','ARBOLEDAS');
insert into maestro.municipio values(781,18,'099','BOCHALEMA');
insert into maestro.municipio values(782,18,'109','BUCARASICA');
insert into maestro.municipio values(783,18,'125','CACOTA');
insert into maestro.municipio values(784,18,'128','CACHIRA');
insert into maestro.municipio values(785,18,'172','CHINACOTA');
insert into maestro.municipio values(786,18,'174','CHITAGA');
insert into maestro.municipio values(787,18,'206','CONVENCION');
insert into maestro.municipio values(788,18,'223','CUCUTILLA');
insert into maestro.municipio values(789,18,'239','DURANIA');
insert into maestro.municipio values(790,18,'245','EL CARMEN');
insert into maestro.municipio values(791,18,'250','EL TARRA');
insert into maestro.municipio values(792,18,'261','EL ZULIA');
insert into maestro.municipio values(793,18,'313','GRAMALOTE');
insert into maestro.municipio values(794,18,'344','HACARI');
insert into maestro.municipio values(795,18,'347','HERRAN');
insert into maestro.municipio values(796,18,'377','LABATECA');
insert into maestro.municipio values(797,18,'385','LA ESPERANZA');
insert into maestro.municipio values(798,18,'398','LA PLAYA');
insert into maestro.municipio values(799,18,'405','LOS PATIOS');
insert into maestro.municipio values(800,18,'418','LOURDES');
insert into maestro.municipio values(801,18,'480','MUTISCUA');
insert into maestro.municipio values(802,18,'498','OCAÑA');
insert into maestro.municipio values(803,18,'518','PAMPLONA');
insert into maestro.municipio values(804,18,'520','PAMPLONITA');
insert into maestro.municipio values(805,18,'553','PUERTO SANTANDER');
insert into maestro.municipio values(806,18,'599','RAGONVALIA');
insert into maestro.municipio values(807,18,'660','SALAZAR');
insert into maestro.municipio values(808,18,'670','SAN CALIXTO');
insert into maestro.municipio values(809,18,'673','SAN CAYETANO');
insert into maestro.municipio values(810,18,'680','SANTIAGO');
insert into maestro.municipio values(811,18,'720','SARDINATA');
insert into maestro.municipio values(812,18,'743','SILOS');
insert into maestro.municipio values(813,18,'800','TEORAMA');
insert into maestro.municipio values(814,18,'810','TIBU');
insert into maestro.municipio values(815,18,'820','TOLEDO');
insert into maestro.municipio values(816,18,'871','VILLA CARO');
insert into maestro.municipio values(817,18,'874','VILLA DEL ROSARIO');
insert into maestro.municipio values(818,19,'001','ARMENIA');
insert into maestro.municipio values(819,19,'111','BUENAVISTA');
insert into maestro.municipio values(820,19,'130','CALARCA');
insert into maestro.municipio values(821,19,'190','CIRCASIA');
insert into maestro.municipio values(822,19,'212','CORDOBA');
insert into maestro.municipio values(823,19,'272','FILANDIA');
insert into maestro.municipio values(824,19,'302','GENOVA');
insert into maestro.municipio values(825,19,'401','LA TEBAIDA');
insert into maestro.municipio values(826,19,'470','MONTENEGRO');
insert into maestro.municipio values(827,19,'548','PIJAO');
insert into maestro.municipio values(828,19,'594','QUIMBAYA');
insert into maestro.municipio values(829,19,'690','SALENTO');
insert into maestro.municipio values(830,20,'001','PEREIRA');
insert into maestro.municipio values(831,20,'045','APIA');
insert into maestro.municipio values(832,20,'075','BALBOA');
insert into maestro.municipio values(833,20,'088','BELEN DE UMBRIA');
insert into maestro.municipio values(834,20,'170','DOSQUEBRADAS');
insert into maestro.municipio values(835,20,'318','GUATICA');
insert into maestro.municipio values(836,20,'383','LA CELIA');
insert into maestro.municipio values(837,20,'400','LA VIRGINIA');
insert into maestro.municipio values(838,20,'440','MARSELLA');
insert into maestro.municipio values(839,20,'456','MISTRATO');
insert into maestro.municipio values(840,20,'572','PUEBLO RICO');
insert into maestro.municipio values(841,20,'594','QUINCHIA');
insert into maestro.municipio values(842,20,'682','SANTA ROSA DE CABAL');
insert into maestro.municipio values(843,20,'687','SANTUARIO');
insert into maestro.municipio values(844,21,'001','BUCARAMANGA');
insert into maestro.municipio values(845,21,'013','AGUADA');
insert into maestro.municipio values(846,21,'020','ALBANIA');
insert into maestro.municipio values(847,21,'051','ARATOCA');
insert into maestro.municipio values(848,21,'077','BARBOSA');
insert into maestro.municipio values(849,21,'079','BARICHARA');
insert into maestro.municipio values(850,21,'081','BARRANCABERMEJA');
insert into maestro.municipio values(851,21,'092','BETULIA');
insert into maestro.municipio values(852,21,'101','BOLIVAR');
insert into maestro.municipio values(853,21,'121','CABRERA');
insert into maestro.municipio values(854,21,'132','CALIFORNIA');
insert into maestro.municipio values(855,21,'147','CAPITANEJO');
insert into maestro.municipio values(856,21,'152','CARCASI');
insert into maestro.municipio values(857,21,'160','CEPITA');
insert into maestro.municipio values(858,21,'162','CERRITO');
insert into maestro.municipio values(859,21,'167','CHARALA');
insert into maestro.municipio values(860,21,'169','CHARTA');
insert into maestro.municipio values(861,21,'176','CHIMA');
insert into maestro.municipio values(862,21,'179','CHIPATA');
insert into maestro.municipio values(863,21,'190','CIMITARRA');
insert into maestro.municipio values(864,21,'207','CONCEPCION');
insert into maestro.municipio values(865,21,'209','CONFINES');
insert into maestro.municipio values(866,21,'211','CONTRATACION');
insert into maestro.municipio values(867,21,'217','COROMORO');
insert into maestro.municipio values(868,21,'229','CURITI');
insert into maestro.municipio values(869,21,'235','EL CARMEN DE CHUCURI');
insert into maestro.municipio values(870,21,'245','EL GUACAMAYO');
insert into maestro.municipio values(871,21,'250','EL PEÑON');
insert into maestro.municipio values(872,21,'255','EL PLAYON');
insert into maestro.municipio values(873,21,'264','ENCINO');
insert into maestro.municipio values(874,21,'266','ENCISO');
insert into maestro.municipio values(875,21,'271','FLORIAN');
insert into maestro.municipio values(876,21,'276','FLORIDABLANCA');
insert into maestro.municipio values(877,21,'296','GALAN');
insert into maestro.municipio values(878,21,'298','GAMBITA');
insert into maestro.municipio values(879,21,'307','GIRON');
insert into maestro.municipio values(880,21,'318','GUACA');
insert into maestro.municipio values(881,21,'320','GUADALUPE');
insert into maestro.municipio values(882,21,'322','GUAPOTA');
insert into maestro.municipio values(883,21,'324','GUAVATA');
insert into maestro.municipio values(884,21,'327','GsEPSA');
insert into maestro.municipio values(885,21,'344','HATO');
insert into maestro.municipio values(886,21,'368','JESUS MARIA');
insert into maestro.municipio values(887,21,'370','JORDAN');
insert into maestro.municipio values(888,21,'377','LA BELLEZA');
insert into maestro.municipio values(889,21,'385','LANDAZURI');
insert into maestro.municipio values(890,21,'397','LA PAZ');
insert into maestro.municipio values(891,21,'406','LEBRIJA');
insert into maestro.municipio values(892,21,'418','LOS SANTOS');
insert into maestro.municipio values(893,21,'425','MACARAVITA');
insert into maestro.municipio values(894,21,'432','MALAGA');
insert into maestro.municipio values(895,21,'444','MATANZA');
insert into maestro.municipio values(896,21,'464','MOGOTES');
insert into maestro.municipio values(897,21,'468','MOLAGAVITA');
insert into maestro.municipio values(898,21,'498','OCAMONTE');
insert into maestro.municipio values(899,21,'500','OIBA');
insert into maestro.municipio values(900,21,'502','ONZAGA');
insert into maestro.municipio values(901,21,'522','PALMAR');
insert into maestro.municipio values(902,21,'524','PALMAS DEL SOCORRO');
insert into maestro.municipio values(903,21,'533','PARAMO');
insert into maestro.municipio values(904,21,'547','PIEDECUESTA');
insert into maestro.municipio values(905,21,'549','PINCHOTE');
insert into maestro.municipio values(906,21,'572','PUENTE NACIONAL');
insert into maestro.municipio values(907,21,'573','PUERTO PARRA');
insert into maestro.municipio values(908,21,'575','PUERTO WILCHES');
insert into maestro.municipio values(909,21,'615','RIONEGRO');
insert into maestro.municipio values(910,21,'655','SABANA DE TORRES');
insert into maestro.municipio values(911,21,'669','SAN ANDRES');
insert into maestro.municipio values(912,21,'673','SAN BENITO');
insert into maestro.municipio values(913,21,'679','SAN GIL');
insert into maestro.municipio values(914,21,'682','SAN JOAQUIN');
insert into maestro.municipio values(915,21,'684','SAN JOSE DE MIRANDA');
insert into maestro.municipio values(916,21,'686','SAN MIGUEL');
insert into maestro.municipio values(917,21,'689','SAN VICENTE DE CHUCURI');
insert into maestro.municipio values(918,21,'705','SANTA BARBARA');
insert into maestro.municipio values(919,21,'720','SANTA HELENA DEL OPON');
insert into maestro.municipio values(920,21,'745','SIMACOTA');
insert into maestro.municipio values(921,21,'755','SOCORRO');
insert into maestro.municipio values(922,21,'770','SUAITA');
insert into maestro.municipio values(923,21,'773','SUCRE');
insert into maestro.municipio values(924,21,'780','SURATA');
insert into maestro.municipio values(925,21,'820','TONA');
insert into maestro.municipio values(926,21,'855','VALLE DE SAN JOSE');
insert into maestro.municipio values(927,21,'861','VELEZ');
insert into maestro.municipio values(928,21,'867','VETAS');
insert into maestro.municipio values(929,21,'872','VILLANUEVA');
insert into maestro.municipio values(930,21,'895','ZAPATOCA');
insert into maestro.municipio values(931,22,'001','SINCELEJO');
insert into maestro.municipio values(932,22,'110','BUENAVISTA');
insert into maestro.municipio values(933,22,'124','CAIMITO');
insert into maestro.municipio values(934,22,'204','COLOSO');
insert into maestro.municipio values(935,22,'215','COROZAL');
insert into maestro.municipio values(936,22,'221','COVEÑAS');
insert into maestro.municipio values(937,22,'230','CHALAN');
insert into maestro.municipio values(938,22,'233','EL ROBLE');
insert into maestro.municipio values(939,22,'235','GALERAS');
insert into maestro.municipio values(940,22,'265','GUARANDA');
insert into maestro.municipio values(941,22,'400','LA UNION');
insert into maestro.municipio values(942,22,'418','LOS PALMITOS');
insert into maestro.municipio values(943,22,'429','MAJAGUAL');
insert into maestro.municipio values(944,22,'473','MORROA');
insert into maestro.municipio values(945,22,'508','OVEJAS');
insert into maestro.municipio values(946,22,'523','PALMITO');
insert into maestro.municipio values(947,22,'670','SAMPUES');
insert into maestro.municipio values(948,22,'678','SAN BENITO ABAD');
insert into maestro.municipio values(949,22,'702','SAN JUAN DE BETULIA');
insert into maestro.municipio values(950,22,'708','SAN MARCOS');
insert into maestro.municipio values(951,22,'713','SAN ONOFRE');
insert into maestro.municipio values(952,22,'717','SAN PEDRO');
insert into maestro.municipio values(953,22,'742','SAN LUIS DE SINCE');
insert into maestro.municipio values(954,22,'771','SUCRE');
insert into maestro.municipio values(955,22,'820','SANTIAGO DE TOLU');
insert into maestro.municipio values(956,22,'823','TOLU VIEJO');
insert into maestro.municipio values(957,23,'001','IBAGUE');
insert into maestro.municipio values(958,23,'024','ALPUJARRA');
insert into maestro.municipio values(959,23,'026','ALVARADO');
insert into maestro.municipio values(960,23,'030','AMBALEMA');
insert into maestro.municipio values(961,23,'043','ANZOATEGUI');
insert into maestro.municipio values(962,23,'055','ARMERO');
insert into maestro.municipio values(963,23,'067','ATACO');
insert into maestro.municipio values(964,23,'124','CAJAMARCA');
insert into maestro.municipio values(965,23,'148','CARMEN DE APICALA');
insert into maestro.municipio values(966,23,'152','CASABIANCA');
insert into maestro.municipio values(967,23,'168','CHAPARRAL');
insert into maestro.municipio values(968,23,'200','COELLO');
insert into maestro.municipio values(969,23,'217','COYAIMA');
insert into maestro.municipio values(970,23,'226','CUNDAY');
insert into maestro.municipio values(971,23,'236','DOLORES');
insert into maestro.municipio values(972,23,'268','ESPINAL');
insert into maestro.municipio values(973,23,'270','FALAN');
insert into maestro.municipio values(974,23,'275','FLANDES');
insert into maestro.municipio values(975,23,'283','FRESNO');
insert into maestro.municipio values(976,23,'319','GUAMO');
insert into maestro.municipio values(977,23,'347','HERVEO');
insert into maestro.municipio values(978,23,'349','HONDA');
insert into maestro.municipio values(979,23,'352','ICONONZO');
insert into maestro.municipio values(980,23,'408','LERIDA');
insert into maestro.municipio values(981,23,'411','LIBANO');
insert into maestro.municipio values(982,23,'443','MARIQUITA');
insert into maestro.municipio values(983,23,'449','MELGAR');
insert into maestro.municipio values(984,23,'461','MURILLO');
insert into maestro.municipio values(985,23,'483','NATAGAIMA');
insert into maestro.municipio values(986,23,'504','ORTEGA');
insert into maestro.municipio values(987,23,'520','PALOCABILDO');
insert into maestro.municipio values(988,23,'547','PIEDRAS');
insert into maestro.municipio values(989,23,'555','PLANADAS');
insert into maestro.municipio values(990,23,'563','PRADO');
insert into maestro.municipio values(991,23,'585','PURIFICACION');
insert into maestro.municipio values(992,23,'616','RIOBLANCO');
insert into maestro.municipio values(993,23,'622','RONCESVALLES');
insert into maestro.municipio values(994,23,'624','ROVIRA');
insert into maestro.municipio values(995,23,'671','SALDAÑA');
insert into maestro.municipio values(996,23,'675','SAN ANTONIO');
insert into maestro.municipio values(997,23,'678','SAN LUIS');
insert into maestro.municipio values(998,23,'686','SANTA ISABEL');
insert into maestro.municipio values(999,23,'770','SUAREZ');
insert into maestro.municipio values(1000,23,'854','VALLE DE SAN JUAN');
insert into maestro.municipio values(1001,23,'861','VENADILLO');
insert into maestro.municipio values(1002,23,'870','VILLAHERMOSA');
insert into maestro.municipio values(1003,23,'873','VILLARRICA');
insert into maestro.municipio values(1004,24,'001','CALI');
insert into maestro.municipio values(1005,24,'020','ALCALA');
insert into maestro.municipio values(1006,24,'036','ANDALUCIA');
insert into maestro.municipio values(1007,24,'041','ANSERMANUEVO');
insert into maestro.municipio values(1008,24,'054','ARGELIA');
insert into maestro.municipio values(1009,24,'100','BOLIVAR');
insert into maestro.municipio values(1010,24,'109','BUENAVENTURA');
insert into maestro.municipio values(1011,24,'111','GUADALAJARA DE BUGA');
insert into maestro.municipio values(1012,24,'113','BUGALAGRANDE');
insert into maestro.municipio values(1013,24,'122','CAICEDONIA');
insert into maestro.municipio values(1014,24,'126','CALIMA');
insert into maestro.municipio values(1015,24,'130','CANDELARIA');
insert into maestro.municipio values(1016,24,'147','CARTAGO');
insert into maestro.municipio values(1017,24,'233','DAGUA');
insert into maestro.municipio values(1018,24,'243','EL AGUILA');
insert into maestro.municipio values(1019,24,'246','EL CAIRO');
insert into maestro.municipio values(1020,24,'248','EL CERRITO');
insert into maestro.municipio values(1021,24,'250','EL DOVIO');
insert into maestro.municipio values(1022,24,'275','FLORIDA');
insert into maestro.municipio values(1023,24,'306','GINEBRA');
insert into maestro.municipio values(1024,24,'318','GUACARI');
insert into maestro.municipio values(1025,24,'364','JAMUNDI');
insert into maestro.municipio values(1026,24,'377','LA CUMBRE');
insert into maestro.municipio values(1027,24,'400','LA UNION');
insert into maestro.municipio values(1028,24,'403','LA VICTORIA');
insert into maestro.municipio values(1029,24,'497','OBANDO');
insert into maestro.municipio values(1030,24,'520','PALMIRA');
insert into maestro.municipio values(1031,24,'563','PRADERA');
insert into maestro.municipio values(1032,24,'606','RESTREPO');
insert into maestro.municipio values(1033,24,'616','RIOFRIO');
insert into maestro.municipio values(1034,24,'622','ROLDANILLO');
insert into maestro.municipio values(1035,24,'670','SAN PEDRO');
insert into maestro.municipio values(1036,24,'736','SEVILLA');
insert into maestro.municipio values(1037,24,'823','TORO');
insert into maestro.municipio values(1038,24,'828','TRUJILLO');
insert into maestro.municipio values(1039,24,'834','TULUA');
insert into maestro.municipio values(1040,24,'845','ULLOA');
insert into maestro.municipio values(1041,24,'863','VERSALLES');
insert into maestro.municipio values(1042,24,'869','VIJES');
insert into maestro.municipio values(1043,24,'890','YOTOCO');
insert into maestro.municipio values(1044,24,'892','YUMBO');
insert into maestro.municipio values(1045,24,'895','ZARZAL');
insert into maestro.municipio values(1046,25,'001','ARAUCA');
insert into maestro.municipio values(1047,25,'065','ARAUQUITA');
insert into maestro.municipio values(1048,25,'220','CRAVO NORTE');
insert into maestro.municipio values(1049,25,'300','FORTUL');
insert into maestro.municipio values(1050,25,'591','PUERTO RONDON');
insert into maestro.municipio values(1051,25,'736','SARAVENA');
insert into maestro.municipio values(1052,25,'794','TAME');
insert into maestro.municipio values(1053,26,'001','YOPAL');
insert into maestro.municipio values(1054,26,'010','AGUAZUL');
insert into maestro.municipio values(1055,26,'015','CHAMEZA');
insert into maestro.municipio values(1056,26,'125','HATO COROZAL');
insert into maestro.municipio values(1057,26,'136','LA SALINA');
insert into maestro.municipio values(1058,26,'139','MANI');
insert into maestro.municipio values(1059,26,'162','MONTERREY');
insert into maestro.municipio values(1060,26,'225','NUNCHIA');
insert into maestro.municipio values(1061,26,'230','OROCUE');
insert into maestro.municipio values(1062,26,'250','PAZ DE ARIPORO');
insert into maestro.municipio values(1063,26,'263','PORE');
insert into maestro.municipio values(1064,26,'279','RECETOR');
insert into maestro.municipio values(1065,26,'300','SABANALARGA');
insert into maestro.municipio values(1066,26,'315','SACAMA');
insert into maestro.municipio values(1067,26,'325','SAN LUIS DE PALENQUE');
insert into maestro.municipio values(1068,26,'400','TAMARA');
insert into maestro.municipio values(1069,26,'410','TAURAMENA');
insert into maestro.municipio values(1070,26,'430','TRINIDAD');
insert into maestro.municipio values(1071,26,'440','VILLANUEVA');
insert into maestro.municipio values(1072,27,'001','MOCOA');
insert into maestro.municipio values(1073,27,'219','COLON');
insert into maestro.municipio values(1074,27,'320','ORITO');
insert into maestro.municipio values(1075,27,'568','PUERTO ASIS');
insert into maestro.municipio values(1076,27,'569','PUERTO CAICEDO');
insert into maestro.municipio values(1077,27,'571','PUERTO GUZMAN');
insert into maestro.municipio values(1078,27,'573','LEGUIZAMO');
insert into maestro.municipio values(1079,27,'749','SIBUNDOY');
insert into maestro.municipio values(1080,27,'755','SAN FRANCISCO');
insert into maestro.municipio values(1081,27,'757','SAN MIGUEL');
insert into maestro.municipio values(1082,27,'760','SANTIAGO');
insert into maestro.municipio values(1083,27,'865','VALLE DEL GUAMUEZ');
insert into maestro.municipio values(1084,27,'885','VILLAGARZON');
insert into maestro.municipio values(1085,28,'001','SAN ANDRES');
insert into maestro.municipio values(1086,28,'564','PROVIDENCIA');
insert into maestro.municipio values(1087,29,'001','LETICIA');
insert into maestro.municipio values(1088,29,'263','EL ENCANTO');
insert into maestro.municipio values(1089,29,'405','LA CHORRERA');
insert into maestro.municipio values(1090,29,'407','LA PEDRERA');
insert into maestro.municipio values(1091,29,'430','LA VICTORIA');
insert into maestro.municipio values(1092,29,'460','MIRITI - PARANA');
insert into maestro.municipio values(1093,29,'530','PUERTO ALEGRIA');
insert into maestro.municipio values(1094,29,'536','PUERTO ARICA');
insert into maestro.municipio values(1095,29,'540','PUERTO NARIÑO');
insert into maestro.municipio values(1096,29,'669','PUERTO SANTANDER');
insert into maestro.municipio values(1097,29,'798','TARAPACA');
insert into maestro.municipio values(1098,30,'001','INIRIDA');
insert into maestro.municipio values(1099,30,'343','BARRANCO MINAS');
insert into maestro.municipio values(1100,30,'663','MAPIRIPANA');
insert into maestro.municipio values(1101,30,'883','SAN FELIPE');
insert into maestro.municipio values(1102,30,'884','PUERTO COLOMBIA');
insert into maestro.municipio values(1103,30,'885','LA GUADALUPE');
insert into maestro.municipio values(1104,30,'886','CACAHUAL');
insert into maestro.municipio values(1105,30,'887','PANA PANA');
insert into maestro.municipio values(1106,30,'888','MORICHAL');
insert into maestro.municipio values(1107,31,'001','SAN JOSE DEL GUAVIARE');
insert into maestro.municipio values(1108,31,'015','CALAMAR');
insert into maestro.municipio values(1109,31,'025','EL RETORNO');
insert into maestro.municipio values(1110,31,'200','MIRAFLORES');
insert into maestro.municipio values(1111,32,'001','MITU');
insert into maestro.municipio values(1112,32,'161','CARURU');
insert into maestro.municipio values(1113,32,'511','PACOA');
insert into maestro.municipio values(1114,32,'666','TARAIRA');
insert into maestro.municipio values(1115,32,'777','PAPUNAUA');
insert into maestro.municipio values(1116,32,'889','YAVARATE');
insert into maestro.municipio values(1117,33,'001','PUERTO CARREÑO');
insert into maestro.municipio values(1118,33,'524','LA PRIMAVERA');
insert into maestro.municipio values(1119,33,'624','SANTA ROSALIA');
insert into maestro.municipio values(1120,33,'773','CUMARIBO');

CREATE TABLE maestro.tipo_identificacion
(
  id serial NOT NULL,
  diminutivo character varying(10),
  descripcion character varying(50),
  CONSTRAINT "PK_tipo_identificacion" PRIMARY KEY (id)
)
WITH (
  OIDS=FALSE
);
ALTER TABLE maestro.tipo_identificacion
  OWNER TO ferremauros_web;

insert into maestro.tipo_identificacion values(1,'CC','Cédula Ciudadania');
insert into maestro.tipo_identificacion values(2,'NIT','NIT');

CREATE TABLE maestro.cliente
(
  id serial NOT NULL,
  nombre character varying(100),
  tipo_documento integer,
  numero_documento character varying(50),
  ciudad_id integer,
  direccion character varying(150),
  telefono character varying(50),
  celular character varying(50),
  CONSTRAINT "PK_cliente" PRIMARY KEY (id),
  CONSTRAINT "FK_cliente_municipio" FOREIGN KEY (ciudad_id)
      REFERENCES maestro.municipio (id) MATCH SIMPLE
      ON UPDATE NO ACTION ON DELETE NO ACTION,
  CONSTRAINT "FK_cliente_tipo_identificacion" FOREIGN KEY (tipo_documento)
      REFERENCES maestro.tipo_identificacion (id) MATCH SIMPLE
      ON UPDATE NO ACTION ON DELETE NO ACTION    
)
WITH (
  OIDS=FALSE
);
ALTER TABLE maestro.municipio
  OWNER TO ferremauros_web;