--
-- PostgreSQL database dump
--

-- Dumped from database version 9.4.4
-- Dumped by pg_dump version 9.4.4
-- Started on 2015-11-24 20:44:21 COT

SET statement_timeout = 0;
SET lock_timeout = 0;
SET client_encoding = 'UTF8';
SET standard_conforming_strings = on;
SET check_function_bodies = false;
SET client_min_messages = warning;

--
-- TOC entry 7 (class 2615 OID 16395)
-- Name: maestro; Type: SCHEMA; Schema: -; Owner: postgres
--

CREATE SCHEMA maestro;


ALTER SCHEMA maestro OWNER TO postgres;

--
-- TOC entry 8 (class 2615 OID 32774)
-- Name: seguridad; Type: SCHEMA; Schema: -; Owner: ferremauros_web
--

CREATE SCHEMA seguridad;


ALTER SCHEMA seguridad OWNER TO ferremauros_web;

--
-- TOC entry 9 (class 2615 OID 57344)
-- Name: transaccional; Type: SCHEMA; Schema: -; Owner: ferremauros_web
--

CREATE SCHEMA transaccional;


ALTER SCHEMA transaccional OWNER TO ferremauros_web;

--
-- TOC entry 200 (class 3079 OID 11935)
-- Name: plpgsql; Type: EXTENSION; Schema: -; Owner: 
--

CREATE EXTENSION IF NOT EXISTS plpgsql WITH SCHEMA pg_catalog;


--
-- TOC entry 2222 (class 0 OID 0)
-- Dependencies: 200
-- Name: EXTENSION plpgsql; Type: COMMENT; Schema: -; Owner: 
--

COMMENT ON EXTENSION plpgsql IS 'PL/pgSQL procedural language';


SET search_path = maestro, pg_catalog;

SET default_tablespace = '';

SET default_with_oids = false;

--
-- TOC entry 189 (class 1259 OID 40978)
-- Name: cliente; Type: TABLE; Schema: maestro; Owner: postgres; Tablespace: 
--

CREATE TABLE cliente (
    id integer NOT NULL,
    nombre character varying(100),
    tipo_documento integer,
    numero_documento character varying(50),
    ciudad_id integer,
    direccion character varying(150),
    telefono character varying(50),
    celular character varying(50),
    contacto character varying(50)
);


ALTER TABLE cliente OWNER TO postgres;

--
-- TOC entry 188 (class 1259 OID 40976)
-- Name: cliente_id_seq; Type: SEQUENCE; Schema: maestro; Owner: postgres
--

CREATE SEQUENCE cliente_id_seq
    START WITH 1
    INCREMENT BY 1
    NO MINVALUE
    NO MAXVALUE
    CACHE 1;


ALTER TABLE cliente_id_seq OWNER TO postgres;

--
-- TOC entry 2223 (class 0 OID 0)
-- Dependencies: 188
-- Name: cliente_id_seq; Type: SEQUENCE OWNED BY; Schema: maestro; Owner: postgres
--

ALTER SEQUENCE cliente_id_seq OWNED BY cliente.id;


--
-- TOC entry 186 (class 1259 OID 40960)
-- Name: departamento; Type: TABLE; Schema: maestro; Owner: ferremauros_web; Tablespace: 
--

CREATE TABLE departamento (
    id integer NOT NULL,
    codigo character varying(5),
    descripcion character varying(50)
);


ALTER TABLE departamento OWNER TO ferremauros_web;

--
-- TOC entry 179 (class 1259 OID 24589)
-- Name: marca; Type: TABLE; Schema: maestro; Owner: ferremauros_web; Tablespace: 
--

CREATE TABLE marca (
    id bigint NOT NULL,
    descripcion character varying(100)
);


ALTER TABLE marca OWNER TO ferremauros_web;

--
-- TOC entry 178 (class 1259 OID 24587)
-- Name: marca_id_seq; Type: SEQUENCE; Schema: maestro; Owner: ferremauros_web
--

CREATE SEQUENCE marca_id_seq
    START WITH 1
    INCREMENT BY 1
    NO MINVALUE
    NO MAXVALUE
    CACHE 1;


ALTER TABLE marca_id_seq OWNER TO ferremauros_web;

--
-- TOC entry 2224 (class 0 OID 0)
-- Dependencies: 178
-- Name: marca_id_seq; Type: SEQUENCE OWNED BY; Schema: maestro; Owner: ferremauros_web
--

ALTER SEQUENCE marca_id_seq OWNED BY marca.id;


--
-- TOC entry 187 (class 1259 OID 40965)
-- Name: municipio; Type: TABLE; Schema: maestro; Owner: ferremauros_web; Tablespace: 
--

CREATE TABLE municipio (
    id integer NOT NULL,
    departamento_id integer,
    codigo character varying(5),
    descripcion character varying(50)
);


ALTER TABLE municipio OWNER TO ferremauros_web;

--
-- TOC entry 181 (class 1259 OID 32771)
-- Name: producto_id_seq; Type: SEQUENCE; Schema: maestro; Owner: postgres
--

CREATE SEQUENCE producto_id_seq
    START WITH 123456
    INCREMENT BY 1
    NO MINVALUE
    NO MAXVALUE
    CACHE 1;


ALTER TABLE producto_id_seq OWNER TO postgres;

--
-- TOC entry 175 (class 1259 OID 24576)
-- Name: producto; Type: TABLE; Schema: maestro; Owner: postgres; Tablespace: 
--

CREATE TABLE producto (
    id integer DEFAULT nextval('producto_id_seq'::regclass) NOT NULL,
    descripcion character varying(200),
    unidad_id integer,
    precio integer,
    costo integer,
    stock integer,
    marca_id integer
);


ALTER TABLE producto OWNER TO postgres;

--
-- TOC entry 191 (class 1259 OID 40991)
-- Name: tipo_identificacion; Type: TABLE; Schema: maestro; Owner: ferremauros_web; Tablespace: 
--

CREATE TABLE tipo_identificacion (
    id integer NOT NULL,
    diminutivo character varying(10),
    descripcion character varying(50)
);


ALTER TABLE tipo_identificacion OWNER TO ferremauros_web;

--
-- TOC entry 190 (class 1259 OID 40989)
-- Name: tipo_identificacion_id_seq; Type: SEQUENCE; Schema: maestro; Owner: ferremauros_web
--

CREATE SEQUENCE tipo_identificacion_id_seq
    START WITH 1
    INCREMENT BY 1
    NO MINVALUE
    NO MAXVALUE
    CACHE 1;


ALTER TABLE tipo_identificacion_id_seq OWNER TO ferremauros_web;

--
-- TOC entry 2225 (class 0 OID 0)
-- Dependencies: 190
-- Name: tipo_identificacion_id_seq; Type: SEQUENCE OWNED BY; Schema: maestro; Owner: ferremauros_web
--

ALTER SEQUENCE tipo_identificacion_id_seq OWNED BY tipo_identificacion.id;


--
-- TOC entry 197 (class 1259 OID 65538)
-- Name: tipo_pago; Type: TABLE; Schema: maestro; Owner: ferremauros_web; Tablespace: 
--

CREATE TABLE tipo_pago (
    id integer NOT NULL,
    descripcion character varying(30),
    importe integer
);


ALTER TABLE tipo_pago OWNER TO ferremauros_web;

--
-- TOC entry 196 (class 1259 OID 65536)
-- Name: tipo_pago_id_seq; Type: SEQUENCE; Schema: maestro; Owner: ferremauros_web
--

CREATE SEQUENCE tipo_pago_id_seq
    START WITH 1
    INCREMENT BY 1
    NO MINVALUE
    NO MAXVALUE
    CACHE 1;


ALTER TABLE tipo_pago_id_seq OWNER TO ferremauros_web;

--
-- TOC entry 2226 (class 0 OID 0)
-- Dependencies: 196
-- Name: tipo_pago_id_seq; Type: SEQUENCE OWNED BY; Schema: maestro; Owner: ferremauros_web
--

ALTER SEQUENCE tipo_pago_id_seq OWNED BY tipo_pago.id;


--
-- TOC entry 199 (class 1259 OID 65546)
-- Name: tipo_venta; Type: TABLE; Schema: maestro; Owner: ferremauros_web; Tablespace: 
--

CREATE TABLE tipo_venta (
    id integer NOT NULL,
    descripcion character varying(20)
);


ALTER TABLE tipo_venta OWNER TO ferremauros_web;

--
-- TOC entry 198 (class 1259 OID 65544)
-- Name: tipo_venta_id_seq; Type: SEQUENCE; Schema: maestro; Owner: ferremauros_web
--

CREATE SEQUENCE tipo_venta_id_seq
    START WITH 1
    INCREMENT BY 1
    NO MINVALUE
    NO MAXVALUE
    CACHE 1;


ALTER TABLE tipo_venta_id_seq OWNER TO ferremauros_web;

--
-- TOC entry 2227 (class 0 OID 0)
-- Dependencies: 198
-- Name: tipo_venta_id_seq; Type: SEQUENCE OWNED BY; Schema: maestro; Owner: ferremauros_web
--

ALTER SEQUENCE tipo_venta_id_seq OWNED BY tipo_venta.id;


--
-- TOC entry 177 (class 1259 OID 24583)
-- Name: unidad; Type: TABLE; Schema: maestro; Owner: postgres; Tablespace: 
--

CREATE TABLE unidad (
    id bigint NOT NULL,
    descripcion character varying(100),
    diminutivo character varying(5)
);


ALTER TABLE unidad OWNER TO postgres;

--
-- TOC entry 176 (class 1259 OID 24581)
-- Name: unidad_id_seq; Type: SEQUENCE; Schema: maestro; Owner: postgres
--

CREATE SEQUENCE unidad_id_seq
    START WITH 1
    INCREMENT BY 1
    NO MINVALUE
    NO MAXVALUE
    CACHE 1;


ALTER TABLE unidad_id_seq OWNER TO postgres;

--
-- TOC entry 2228 (class 0 OID 0)
-- Dependencies: 176
-- Name: unidad_id_seq; Type: SEQUENCE OWNED BY; Schema: maestro; Owner: postgres
--

ALTER SEQUENCE unidad_id_seq OWNED BY unidad.id;


SET search_path = public, pg_catalog;

--
-- TOC entry 180 (class 1259 OID 32768)
-- Name: producto_id_seq; Type: SEQUENCE; Schema: public; Owner: postgres
--

CREATE SEQUENCE producto_id_seq
    START WITH 123456
    INCREMENT BY 1
    NO MINVALUE
    NO MAXVALUE
    CACHE 1;


ALTER TABLE producto_id_seq OWNER TO postgres;

SET search_path = seguridad, pg_catalog;

--
-- TOC entry 185 (class 1259 OID 32793)
-- Name: menu; Type: TABLE; Schema: seguridad; Owner: postgres; Tablespace: 
--

CREATE TABLE menu (
    id bigint NOT NULL,
    rol_id integer NOT NULL,
    icono character varying(30),
    link character varying(100),
    titulo character varying(100),
    padre_id integer
);


ALTER TABLE menu OWNER TO postgres;

--
-- TOC entry 184 (class 1259 OID 32791)
-- Name: menu_id_seq; Type: SEQUENCE; Schema: seguridad; Owner: postgres
--

CREATE SEQUENCE menu_id_seq
    START WITH 1
    INCREMENT BY 1
    NO MINVALUE
    NO MAXVALUE
    CACHE 1;


ALTER TABLE menu_id_seq OWNER TO postgres;

--
-- TOC entry 2229 (class 0 OID 0)
-- Dependencies: 184
-- Name: menu_id_seq; Type: SEQUENCE OWNED BY; Schema: seguridad; Owner: postgres
--

ALTER SEQUENCE menu_id_seq OWNED BY menu.id;


--
-- TOC entry 183 (class 1259 OID 32785)
-- Name: rol; Type: TABLE; Schema: seguridad; Owner: postgres; Tablespace: 
--

CREATE TABLE rol (
    id bigint NOT NULL,
    descripcion character varying(100)
);


ALTER TABLE rol OWNER TO postgres;

--
-- TOC entry 182 (class 1259 OID 32783)
-- Name: rol_id_seq; Type: SEQUENCE; Schema: seguridad; Owner: postgres
--

CREATE SEQUENCE rol_id_seq
    START WITH 1
    INCREMENT BY 1
    NO MINVALUE
    NO MAXVALUE
    CACHE 1;


ALTER TABLE rol_id_seq OWNER TO postgres;

--
-- TOC entry 2230 (class 0 OID 0)
-- Dependencies: 182
-- Name: rol_id_seq; Type: SEQUENCE OWNED BY; Schema: seguridad; Owner: postgres
--

ALTER SEQUENCE rol_id_seq OWNED BY rol.id;


SET search_path = transaccional, pg_catalog;

--
-- TOC entry 195 (class 1259 OID 57360)
-- Name: detalle_venta; Type: TABLE; Schema: transaccional; Owner: ferremauros_web; Tablespace: 
--

CREATE TABLE detalle_venta (
    id integer NOT NULL,
    venta_id integer,
    producto_id integer,
    cantidad integer,
    aplica_iva boolean,
    iva_incluido boolean,
    precio integer,
    total double precision
);


ALTER TABLE detalle_venta OWNER TO ferremauros_web;

--
-- TOC entry 194 (class 1259 OID 57358)
-- Name: detalle_venta_id_seq; Type: SEQUENCE; Schema: transaccional; Owner: ferremauros_web
--

CREATE SEQUENCE detalle_venta_id_seq
    START WITH 1
    INCREMENT BY 1
    NO MINVALUE
    NO MAXVALUE
    CACHE 1;


ALTER TABLE detalle_venta_id_seq OWNER TO ferremauros_web;

--
-- TOC entry 2231 (class 0 OID 0)
-- Dependencies: 194
-- Name: detalle_venta_id_seq; Type: SEQUENCE OWNED BY; Schema: transaccional; Owner: ferremauros_web
--

ALTER SEQUENCE detalle_venta_id_seq OWNED BY detalle_venta.id;


--
-- TOC entry 193 (class 1259 OID 57347)
-- Name: venta; Type: TABLE; Schema: transaccional; Owner: ferremauros_web; Tablespace: 
--

CREATE TABLE venta (
    id integer NOT NULL,
    numero_remision integer,
    numero_factura integer,
    aplica_iva boolean,
    subtotal double precision,
    total_iva double precision,
    total double precision,
    fecha_factura timestamp without time zone,
    cliente_id integer,
    tipo_venta_id integer,
    tipo_pago_id integer,
    fecha_vencimiento timestamp without time zone,
    total_importe double precision
);


ALTER TABLE venta OWNER TO ferremauros_web;

--
-- TOC entry 192 (class 1259 OID 57345)
-- Name: venta_id_seq; Type: SEQUENCE; Schema: transaccional; Owner: ferremauros_web
--

CREATE SEQUENCE venta_id_seq
    START WITH 1
    INCREMENT BY 1
    NO MINVALUE
    NO MAXVALUE
    CACHE 1;


ALTER TABLE venta_id_seq OWNER TO ferremauros_web;

--
-- TOC entry 2232 (class 0 OID 0)
-- Dependencies: 192
-- Name: venta_id_seq; Type: SEQUENCE OWNED BY; Schema: transaccional; Owner: ferremauros_web
--

ALTER SEQUENCE venta_id_seq OWNED BY venta.id;


SET search_path = maestro, pg_catalog;

--
-- TOC entry 2037 (class 2604 OID 40981)
-- Name: id; Type: DEFAULT; Schema: maestro; Owner: postgres
--

ALTER TABLE ONLY cliente ALTER COLUMN id SET DEFAULT nextval('cliente_id_seq'::regclass);


--
-- TOC entry 2034 (class 2604 OID 24592)
-- Name: id; Type: DEFAULT; Schema: maestro; Owner: ferremauros_web
--

ALTER TABLE ONLY marca ALTER COLUMN id SET DEFAULT nextval('marca_id_seq'::regclass);


--
-- TOC entry 2038 (class 2604 OID 40994)
-- Name: id; Type: DEFAULT; Schema: maestro; Owner: ferremauros_web
--

ALTER TABLE ONLY tipo_identificacion ALTER COLUMN id SET DEFAULT nextval('tipo_identificacion_id_seq'::regclass);


--
-- TOC entry 2041 (class 2604 OID 65541)
-- Name: id; Type: DEFAULT; Schema: maestro; Owner: ferremauros_web
--

ALTER TABLE ONLY tipo_pago ALTER COLUMN id SET DEFAULT nextval('tipo_pago_id_seq'::regclass);


--
-- TOC entry 2042 (class 2604 OID 65549)
-- Name: id; Type: DEFAULT; Schema: maestro; Owner: ferremauros_web
--

ALTER TABLE ONLY tipo_venta ALTER COLUMN id SET DEFAULT nextval('tipo_venta_id_seq'::regclass);


--
-- TOC entry 2033 (class 2604 OID 24586)
-- Name: id; Type: DEFAULT; Schema: maestro; Owner: postgres
--

ALTER TABLE ONLY unidad ALTER COLUMN id SET DEFAULT nextval('unidad_id_seq'::regclass);


SET search_path = seguridad, pg_catalog;

--
-- TOC entry 2036 (class 2604 OID 32796)
-- Name: id; Type: DEFAULT; Schema: seguridad; Owner: postgres
--

ALTER TABLE ONLY menu ALTER COLUMN id SET DEFAULT nextval('menu_id_seq'::regclass);


--
-- TOC entry 2035 (class 2604 OID 32788)
-- Name: id; Type: DEFAULT; Schema: seguridad; Owner: postgres
--

ALTER TABLE ONLY rol ALTER COLUMN id SET DEFAULT nextval('rol_id_seq'::regclass);


SET search_path = transaccional, pg_catalog;

--
-- TOC entry 2040 (class 2604 OID 57363)
-- Name: id; Type: DEFAULT; Schema: transaccional; Owner: ferremauros_web
--

ALTER TABLE ONLY detalle_venta ALTER COLUMN id SET DEFAULT nextval('detalle_venta_id_seq'::regclass);


--
-- TOC entry 2039 (class 2604 OID 57350)
-- Name: id; Type: DEFAULT; Schema: transaccional; Owner: ferremauros_web
--

ALTER TABLE ONLY venta ALTER COLUMN id SET DEFAULT nextval('venta_id_seq'::regclass);


SET search_path = maestro, pg_catalog;

--
-- TOC entry 2204 (class 0 OID 40978)
-- Dependencies: 189
-- Data for Name: cliente; Type: TABLE DATA; Schema: maestro; Owner: postgres
--

COPY cliente (id, nombre, tipo_documento, numero_documento, ciudad_id, direccion, telefono, celular, contacto) FROM stdin;
2	Constructora dos	1	11111111111111111	149	sdfgcvhgbjhb	123456789	34567890	\N
5	constructora uno	1	11111111111111111	149	cll 65 - 65	34567896	3114567890	\N
1	Constructura construrapido	2	12345678	149	cll 65 - 65	3456789	3114567890	Johan Lopez
3	Constructora dos	1	11111111111111111	149	Cll 25	123456789	34567890	johan
4	Constructora dos	2	12345678	149	sdfgcvhgbjhb	123456789	34567890	johan
\.


--
-- TOC entry 2233 (class 0 OID 0)
-- Dependencies: 188
-- Name: cliente_id_seq; Type: SEQUENCE SET; Schema: maestro; Owner: postgres
--

SELECT pg_catalog.setval('cliente_id_seq', 5, true);


--
-- TOC entry 2201 (class 0 OID 40960)
-- Dependencies: 186
-- Data for Name: departamento; Type: TABLE DATA; Schema: maestro; Owner: ferremauros_web
--

COPY departamento (id, codigo, descripcion) FROM stdin;
1	05	ANTIOQUIA
2	08	ATLANTICO
3	11	BOGOTA
4	13	BOLIVAR
5	15	BOYACA
6	17	CALDAS
7	18	CAQUETA
8	19	CAUCA
9	20	CESAR
10	23	CORDOBA
11	25	CUNDINAMARCA
12	27	CHOCO
13	41	HUILA
14	44	LA GUAJIRA
15	47	MAGDALENA
16	50	META
17	52	NARIÑO
18	54	N. DE SANTANDER
19	63	QUINDIO
20	66	RISARALDA
21	68	SANTANDER
22	70	SUCRE
23	73	TOLIMA
24	76	VALLE DEL CAUCA
25	81	ARAUCA
26	85	CASANARE
27	86	PUTUMAYO
28	88	SAN ANDRES
29	91	AMAZONAS
30	94	GUAINIA
31	95	GUAVIARE
32	97	VAUPES
33	99	VICHADA
\.


--
-- TOC entry 2194 (class 0 OID 24589)
-- Dependencies: 179
-- Data for Name: marca; Type: TABLE DATA; Schema: maestro; Owner: ferremauros_web
--

COPY marca (id, descripcion) FROM stdin;
1	DeWALT
2	Pollito
4	CAT
17	\N
18	c
19	Bocherini
20	Bocherin
\.


--
-- TOC entry 2234 (class 0 OID 0)
-- Dependencies: 178
-- Name: marca_id_seq; Type: SEQUENCE SET; Schema: maestro; Owner: ferremauros_web
--

SELECT pg_catalog.setval('marca_id_seq', 20, true);


--
-- TOC entry 2202 (class 0 OID 40965)
-- Dependencies: 187
-- Data for Name: municipio; Type: TABLE DATA; Schema: maestro; Owner: ferremauros_web
--

COPY municipio (id, departamento_id, codigo, descripcion) FROM stdin;
1	1	001	MEDELLIN
2	1	002	ABEJORRAL
3	1	004	ABRIAQUI
4	1	021	ALEJANDRIA
5	1	030	AMAGA
6	1	031	AMALFI
7	1	034	ANDES
8	1	036	ANGELOPOLIS
9	1	038	ANGOSTURA
10	1	040	ANORI
11	1	042	SANTAFE DE ANTIOQUIA
12	1	044	ANZA
13	1	045	APARTADO
14	1	051	ARBOLETES
15	1	055	ARGELIA
16	1	059	ARMENIA
17	1	079	BARBOSA
18	1	086	BELMIRA
19	1	088	BELLO
20	1	091	BETANIA
21	1	093	BETULIA
22	1	101	CIUDAD BOLIVAR
23	1	107	BRICEÑO
24	1	113	BURITICA
25	1	120	CACERES
26	1	125	CAICEDO
27	1	129	CALDAS
28	1	134	CAMPAMENTO
29	1	138	CAÑASGORDAS
30	1	142	CARACOLI
31	1	145	CARAMANTA
32	1	147	CAREPA
33	1	148	EL CARMEN DE VIBORAL
34	1	150	CAROLINA
35	1	154	CAUCASIA
36	1	172	CHIGORODO
37	1	190	CISNEROS
38	1	197	COCORNA
39	1	206	CONCEPCION
40	1	209	CONCORDIA
41	1	212	COPACABANA
42	1	234	DABEIBA
43	1	237	DON MATIAS
44	1	240	EBEJICO
45	1	250	EL BAGRE
46	1	264	ENTRERRIOS
47	1	266	ENVIGADO
48	1	282	FREDONIA
49	1	284	FRONTINO
50	1	306	GIRALDO
51	1	308	GIRARDOTA
52	1	310	GOMEZ PLATA
53	1	313	GRANADA
54	1	315	GUADALUPE
55	1	318	GUARNE
56	1	321	GUATAPE
57	1	347	HELICONIA
58	1	353	HISPANIA
59	1	360	ITAGUI
60	1	361	ITUANGO
61	1	364	JARDIN
62	1	368	JERICO
63	1	376	LA CEJA
64	1	380	LA ESTRELLA
65	1	390	LA PINTADA
66	1	400	LA UNION
67	1	411	LIBORINA
68	1	425	MACEO
69	1	440	MARINILLA
70	1	467	MONTEBELLO
71	1	475	MURINDO
72	1	480	MUTATA
73	1	483	NARIÑO
74	1	490	NECOCLI
75	1	495	NECHI
76	1	501	OLAYA
77	1	541	PEÐOL
78	1	543	PEQUE
79	1	576	PUEBLORRICO
80	1	579	PUERTO BERRIO
81	1	585	PUERTO NARE
82	1	591	PUERTO TRIUNFO
83	1	604	REMEDIOS
84	1	607	RETIRO
85	1	615	RIONEGRO
86	1	628	SABANALARGA
87	1	631	SABANETA
88	1	642	SALGAR
89	1	647	SAN ANDRES DE CUERQUIA
90	1	649	SAN CARLOS
91	1	652	SAN FRANCISCO
92	1	656	SAN JERONIMO
93	1	658	SAN JOSE DE LA MONTAÑA
94	1	659	SAN JUAN DE URABA
95	1	660	SAN LUIS
96	1	664	SAN PEDRO
97	1	665	SAN PEDRO DE URABA
98	1	667	SAN RAFAEL
99	1	670	SAN ROQUE
100	1	674	SAN VICENTE
101	1	679	SANTA BARBARA
102	1	686	SANTA ROSA DE OSOS
103	1	690	SANTO DOMINGO
104	1	697	EL SANTUARIO
105	1	736	SEGOVIA
106	1	756	SONSON
107	1	761	SOPETRAN
108	1	789	TAMESIS
109	1	790	TARAZA
110	1	792	TARSO
111	1	809	TITIRIBI
112	1	819	TOLEDO
113	1	837	TURBO
114	1	842	URAMITA
115	1	847	URRAO
116	1	854	VALDIVIA
117	1	856	VALPARAISO
118	1	858	VEGACHI
119	1	861	VENECIA
120	1	873	VIGIA DEL FUERTE
121	1	885	YALI
122	1	887	YARUMAL
123	1	890	YOLOMBO
124	1	893	YONDO
125	1	895	ZARAGOZA
126	2	001	BARRANQUILLA
127	2	078	BARANOA
128	2	137	CAMPO DE LA CRUZ
129	2	141	CANDELARIA
130	2	296	GALAPA
131	2	372	JUAN DE ACOSTA
132	2	421	LURUACO
133	2	433	MALAMBO
134	2	436	MANATI
135	2	520	PALMAR DE VARELA
136	2	549	PIOJO
137	2	558	POLONUEVO
138	2	560	PONEDERA
139	2	573	PUERTO COLOMBIA
140	2	606	REPELON
141	2	634	SABANAGRANDE
142	2	638	SABANALARGA
143	2	675	SANTA LUCIA
144	2	685	SANTO TOMAS
145	2	758	SOLEDAD
146	2	770	SUAN
147	2	832	TUBARA
148	2	849	USIACURI
149	3	001	BOGOTA, D.C.
150	4	001	CARTAGENA
151	4	006	ACHI
152	4	030	ALTOS DEL ROSARIO
153	4	042	ARENAL
154	4	052	ARJONA
155	4	062	ARROYOHONDO
156	4	074	BARRANCO DE LOBA
157	4	140	CALAMAR
158	4	160	CANTAGALLO
159	4	188	CICUCO
160	4	212	CORDOBA
161	4	222	CLEMENCIA
162	4	244	EL CARMEN DE BOLIVAR
163	4	248	EL GUAMO
164	4	268	EL PEÑON
165	4	300	HATILLO DE LOBA
166	4	430	MAGANGUE
167	4	433	MAHATES
168	4	440	MARGARITA
169	4	442	MARIA LA BAJA
170	4	458	MONTECRISTO
171	4	468	MOMPOS
172	4	490	NOROSI
173	4	473	MORALES
174	4	549	PINILLOS
175	4	580	REGIDOR
176	4	600	RIO VIEJO
177	4	620	SAN CRISTOBAL
178	4	647	SAN ESTANISLAO
179	4	650	SAN FERNANDO
180	4	654	SAN JACINTO
181	4	655	SAN JACINTO DEL CAUCA
182	4	657	SAN JUAN NEPOMUCENO
183	4	667	SAN MARTIN DE LOBA
184	4	670	SAN PABLO
185	4	673	SANTA CATALINA
186	4	683	SANTA ROSA
187	4	688	SANTA ROSA DEL SUR
188	4	744	SIMITI
189	4	760	SOPLAVIENTO
190	4	780	TALAIGUA NUEVO
191	4	810	TIQUISIO
192	4	836	TURBACO
193	4	838	TURBANA
194	4	873	VILLANUEVA
195	4	894	ZAMBRANO
196	5	001	TUNJA
197	5	022	ALMEIDA
198	5	047	AQUITANIA
199	5	051	ARCABUCO
200	5	087	BELEN
201	5	090	BERBEO
202	5	092	BETEITIVA
203	5	097	BOAVITA
204	5	104	BOYACA
205	5	106	BRICEÑO
206	5	109	BUENAVISTA
207	5	114	BUSBANZA
208	5	131	CALDAS
209	5	135	CAMPOHERMOSO
210	5	162	CERINZA
211	5	172	CHINAVITA
212	5	176	CHIQUINQUIRA
213	5	180	CHISCAS
214	5	183	CHITA
215	5	185	CHITARAQUE
216	5	187	CHIVATA
217	5	189	CIENEGA
218	5	204	COMBITA
219	5	212	COPER
220	5	215	CORRALES
221	5	218	COVARACHIA
222	5	223	CUBARA
223	5	224	CUCAITA
224	5	226	CUITIVA
225	5	232	CHIQUIZA
226	5	236	CHIVOR
227	5	238	DUITAMA
228	5	244	EL COCUY
229	5	248	EL ESPINO
230	5	272	FIRAVITOBA
231	5	276	FLORESTA
232	5	293	GACHANTIVA
233	5	296	GAMEZA
234	5	299	GARAGOA
235	5	317	GUACAMAYAS
236	5	322	GUATEQUE
237	5	325	GUAYATA
238	5	332	GsICAN
239	5	362	IZA
240	5	367	JENESANO
241	5	368	JERICO
242	5	377	LABRANZAGRANDE
243	5	380	LA CAPILLA
244	5	401	LA VICTORIA
245	5	403	LA UVITA
246	5	407	VILLA DE LEYVA
247	5	425	MACANAL
248	5	442	MARIPI
249	5	455	MIRAFLORES
250	5	464	MONGUA
251	5	466	MONGUI
252	5	469	MONIQUIRA
253	5	476	MOTAVITA
254	5	480	MUZO
255	5	491	NOBSA
256	5	494	NUEVO COLON
257	5	500	OICATA
258	5	507	OTANCHE
259	5	511	PACHAVITA
260	5	514	PAEZ
261	5	516	PAIPA
262	5	518	PAJARITO
263	5	522	PANQUEBA
264	5	531	PAUNA
265	5	533	PAYA
266	5	537	PAZ DE RIO
267	5	542	PESCA
268	5	550	PISBA
269	5	572	PUERTO BOYACA
270	5	580	QUIPAMA
271	5	599	RAMIRIQUI
272	5	600	RAQUIRA
273	5	621	RONDON
274	5	632	SABOYA
275	5	638	SACHICA
276	5	646	SAMACA
277	5	660	SAN EDUARDO
278	5	664	SAN JOSE DE PARE
279	5	667	SAN LUIS DE GACENO
280	5	673	SAN MATEO
281	5	676	SAN MIGUEL DE SEMA
282	5	681	SAN PABLO DE BORBUR
283	5	686	SANTANA
284	5	690	SANTA MARIA
285	5	693	SANTA ROSA DE VITERBO
286	5	696	SANTA SOFIA
287	5	720	SATIVANORTE
288	5	723	SATIVASUR
289	5	740	SIACHOQUE
290	5	753	SOATA
291	5	755	SOCOTA
292	5	757	SOCHA
293	5	759	SOGAMOSO
294	5	761	SOMONDOCO
295	5	762	SORA
296	5	763	SOTAQUIRA
297	5	764	SORACA
298	5	774	SUSACON
299	5	776	SUTAMARCHAN
300	5	778	SUTATENZA
301	5	790	TASCO
302	5	798	TENZA
303	5	804	TIBANA
304	5	806	TIBASOSA
305	5	808	TINJACA
306	5	810	TIPACOQUE
307	5	814	TOCA
308	5	816	TOGsI
309	5	820	TOPAGA
310	5	822	TOTA
311	5	832	TUNUNGUA
312	5	835	TURMEQUE
313	5	837	TUTA
314	5	839	TUTAZA
315	5	842	UMBITA
316	5	861	VENTAQUEMADA
317	5	879	VIRACACHA
318	5	897	ZETAQUIRA
319	6	001	MANIZALES
320	6	013	AGUADAS
321	6	042	ANSERMA
322	6	050	ARANZAZU
323	6	088	BELALCAZAR
324	6	174	CHINCHINA
325	6	272	FILADELFIA
326	6	380	LA DORADA
327	6	388	LA MERCED
328	6	433	MANZANARES
329	6	442	MARMATO
330	6	444	MARQUETALIA
331	6	446	MARULANDA
332	6	486	NEIRA
333	6	495	NORCASIA
334	6	513	PACORA
335	6	524	PALESTINA
336	6	541	PENSILVANIA
337	6	614	RIOSUCIO
338	6	616	RISARALDA
339	6	653	SALAMINA
340	6	662	SAMANA
341	6	665	SAN JOSE
342	6	777	SUPIA
343	6	867	VICTORIA
344	6	873	VILLAMARIA
345	6	877	VITERBO
346	7	001	FLORENCIA
347	7	029	ALBANIA
348	7	094	BELEN DE LOS ANDAQUIES
349	7	150	CARTAGENA DEL CHAIRA
350	7	205	CURILLO
351	7	247	EL DONCELLO
352	7	256	EL PAUJIL
353	7	410	LA MONTAÑITA
354	7	460	MILAN
355	7	479	MORELIA
356	7	592	PUERTO RICO
357	7	610	SAN JOSE DEL FRAGUA
358	7	753	SAN VICENTE DEL CAGUAN
359	7	756	SOLANO
360	7	785	SOLITA
361	7	860	VALPARAISO
362	8	001	POPAYAN
363	8	022	ALMAGUER
364	8	050	ARGELIA
365	8	075	BALBOA
366	8	100	BOLIVAR
367	8	110	BUENOS AIRES
368	8	130	CAJIBIO
369	8	137	CALDONO
370	8	142	CALOTO
371	8	212	CORINTO
372	8	256	EL TAMBO
373	8	290	FLORENCIA
374	8	300	GUACHENE
375	8	318	GUAPI
376	8	355	INZA
377	8	364	JAMBALO
378	8	392	LA SIERRA
379	8	397	LA VEGA
380	8	418	LOPEZ
381	8	450	MERCADERES
382	8	455	MIRANDA
383	8	473	MORALES
384	8	513	PADILLA
385	8	517	PAEZ
386	8	532	PATIA
387	8	533	PIAMONTE
388	8	548	PIENDAMO
389	8	573	PUERTO TEJADA
390	8	585	PURACE
391	8	622	ROSAS
392	8	693	SAN SEBASTIAN
393	8	698	SANTANDER DE QUILICHAO
394	8	701	SANTA ROSA
395	8	743	SILVIA
396	8	760	SOTARA
397	8	780	SUAREZ
398	8	785	SUCRE
399	8	807	TIMBIO
400	8	809	TIMBIQUI
401	8	821	TORIBIO
402	8	824	TOTORO
403	8	845	VILLA RICA
404	9	001	VALLEDUPAR
405	9	011	AGUACHICA
406	9	013	AGUSTIN CODAZZI
407	9	032	ASTREA
408	9	045	BECERRIL
409	9	060	BOSCONIA
410	9	175	CHIMICHAGUA
411	9	178	CHIRIGUANA
412	9	228	CURUMANI
413	9	238	EL COPEY
414	9	250	EL PASO
415	9	295	GAMARRA
416	9	310	GONZALEZ
417	9	383	LA GLORIA
418	9	400	LA JAGUA DE IBIRICO
419	9	443	MANAURE
420	9	517	PAILITAS
421	9	550	PELAYA
422	9	570	PUEBLO BELLO
423	9	614	RIO DE ORO
424	9	621	LA PAZ
425	9	710	SAN ALBERTO
426	9	750	SAN DIEGO
427	9	770	SAN MARTIN
428	9	787	TAMALAMEQUE
429	10	001	MONTERIA
430	10	068	AYAPEL
431	10	079	BUENAVISTA
432	10	090	CANALETE
433	10	162	CERETE
434	10	168	CHIMA
435	10	182	CHINU
436	10	189	CIENAGA DE ORO
437	10	300	COTORRA
438	10	350	LA APARTADA
439	10	417	LORICA
440	10	419	LOS CORDOBAS
441	10	464	MOMIL
442	10	466	MONTELIBANO
443	10	500	MOÑITOS
444	10	555	PLANETA RICA
445	10	570	PUEBLO NUEVO
446	10	574	PUERTO ESCONDIDO
447	10	580	PUERTO LIBERTADOR
448	10	586	PURISIMA
449	10	660	SAHAGUN
450	10	670	SAN ANDRES SOTAVENTO
451	10	672	SAN ANTERO
452	10	675	SAN BERNARDO DEL VIENTO
453	10	678	SAN CARLOS
454	10	686	SAN PELAYO
455	10	807	TIERRALTA
456	10	855	VALENCIA
457	11	001	AGUA DE DIOS
458	11	019	ALBAN
459	11	035	ANAPOIMA
460	11	040	ANOLAIMA
461	11	053	ARBELAEZ
462	11	086	BELTRAN
463	11	095	BITUIMA
464	11	099	BOJACA
465	11	120	CABRERA
466	11	123	CACHIPAY
467	11	126	CAJICA
468	11	148	CAPARRAPI
469	11	151	CAQUEZA
470	11	154	CARMEN DE CARUPA
471	11	168	CHAGUANI
472	11	175	CHIA
473	11	178	CHIPAQUE
474	11	181	CHOACHI
475	11	183	CHOCONTA
476	11	200	COGUA
477	11	214	COTA
478	11	224	CUCUNUBA
479	11	245	EL COLEGIO
480	11	258	EL PEÑON
481	11	260	EL ROSAL
482	11	269	FACATATIVA
483	11	279	FOMEQUE
484	11	281	FOSCA
485	11	286	FUNZA
486	11	288	FUQUENE
487	11	290	FUSAGASUGA
488	11	293	GACHALA
489	11	295	GACHANCIPA
490	11	297	GACHETA
491	11	299	GAMA
492	11	307	GIRARDOT
493	11	312	GRANADA
494	11	317	GUACHETA
495	11	320	GUADUAS
496	11	322	GUASCA
497	11	324	GUATAQUI
498	11	326	GUATAVITA
499	11	328	GUAYABAL DE SIQUIMA
500	11	335	GUAYABETAL
501	11	339	GUTIERREZ
502	11	368	JERUSALEN
503	11	372	JUNIN
504	11	377	LA CALERA
505	11	386	LA MESA
506	11	394	LA PALMA
507	11	398	LA PEÑA
508	11	402	LA VEGA
509	11	407	LENGUAZAQUE
510	11	426	MACHETA
511	11	430	MADRID
512	11	436	MANTA
513	11	438	MEDINA
514	11	473	MOSQUERA
515	11	483	NARIÑO
516	11	486	NEMOCON
517	11	488	NILO
518	11	489	NIMAIMA
519	11	491	NOCAIMA
520	11	506	VENECIA
521	11	513	PACHO
522	11	518	PAIME
523	11	524	PANDI
524	11	530	PARATEBUENO
525	11	535	PASCA
526	11	572	PUERTO SALGAR
527	11	580	PULI
528	11	592	QUEBRADANEGRA
529	11	594	QUETAME
530	11	596	QUIPILE
531	11	599	APULO
532	11	612	RICAURTE
533	11	645	SAN ANTONIO DEL TEQUENDAMA
534	11	649	SAN BERNARDO
535	11	653	SAN CAYETANO
536	11	658	SAN FRANCISCO
537	11	662	SAN JUAN DE RIO SECO
538	11	718	SASAIMA
539	11	736	SESQUILE
540	11	740	SIBATE
541	11	743	SILVANIA
542	11	745	SIMIJACA
543	11	754	SOACHA
544	11	758	SOPO
545	11	769	SUBACHOQUE
546	11	772	SUESCA
547	11	777	SUPATA
548	11	779	SUSA
549	11	781	SUTATAUSA
550	11	785	TABIO
551	11	793	TAUSA
552	11	797	TENA
553	11	799	TENJO
554	11	805	TIBACUY
555	11	807	TIBIRITA
556	11	815	TOCAIMA
557	11	817	TOCANCIPA
558	11	823	TOPAIPI
559	11	839	UBALA
560	11	841	UBAQUE
561	11	843	VILLA DE SAN DIEGO DE UBATE
562	11	845	UNE
563	11	851	UTICA
564	11	862	VERGARA
565	11	867	VIANI
566	11	871	VILLAGOMEZ
567	11	873	VILLAPINZON
568	11	875	VILLETA
569	11	878	VIOTA
570	11	885	YACOPI
571	11	898	ZIPACON
572	11	899	ZIPAQUIRA
573	12	001	QUIBDO
574	12	006	ACANDI
575	12	025	ALTO BAUDO
576	12	050	ATRATO
577	12	073	BAGADO
578	12	075	BAHIA SOLANO
579	12	077	BAJO BAUDO
580	12	099	BOJAYA
581	12	135	EL CANTON DEL SAN PABLO
582	12	150	CARMEN DEL DARIEN
583	12	160	CERTEGUI
584	12	205	CONDOTO
585	12	245	EL CARMEN DE ATRATO
586	12	250	EL LITORAL DEL SAN JUAN
587	12	361	ISTMINA
588	12	372	JURADO
589	12	413	LLORO
590	12	425	MEDIO ATRATO
591	12	430	MEDIO BAUDO
592	12	450	MEDIO SAN JUAN
593	12	491	NOVITA
594	12	495	NUQUI
595	12	580	RIO IRO
596	12	600	RIO QUITO
597	12	615	RIOSUCIO
598	12	660	SAN JOSE DEL PALMAR
599	12	745	SIPI
600	12	787	TADO
601	12	800	UNGUIA
602	12	810	UNION PANAMERICANA
603	13	001	NEIVA
604	13	006	ACEVEDO
605	13	013	AGRADO
606	13	016	AIPE
607	13	020	ALGECIRAS
608	13	026	ALTAMIRA
609	13	078	BARAYA
610	13	132	CAMPOALEGRE
611	13	206	COLOMBIA
612	13	244	ELIAS
613	13	298	GARZON
614	13	306	GIGANTE
615	13	319	GUADALUPE
616	13	349	HOBO
617	13	357	IQUIRA
618	13	359	ISNOS
619	13	378	LA ARGENTINA
620	13	396	LA PLATA
621	13	483	NATAGA
622	13	503	OPORAPA
623	13	518	PAICOL
624	13	524	PALERMO
625	13	530	PALESTINA
626	13	548	PITAL
627	13	551	PITALITO
628	13	615	RIVERA
629	13	660	SALADOBLANCO
630	13	668	SAN AGUSTIN
631	13	676	SANTA MARIA
632	13	770	SUAZA
633	13	791	TARQUI
634	13	797	TESALIA
635	13	799	TELLO
636	13	801	TERUEL
637	13	807	TIMANA
638	13	872	VILLAVIEJA
639	13	885	YAGUARA
640	14	001	RIOHACHA
641	14	035	ALBANIA
642	14	078	BARRANCAS
643	14	090	DIBULLA
644	14	098	DISTRACCION
645	14	110	EL MOLINO
646	14	279	FONSECA
647	14	378	HATONUEVO
648	14	420	LA JAGUA DEL PILAR
649	14	430	MAICAO
650	14	560	MANAURE
651	14	650	SAN JUAN DEL CESAR
652	14	847	URIBIA
653	14	855	URUMITA
654	14	874	VILLANUEVA
655	15	001	SANTA MARTA
656	15	030	ALGARROBO
657	15	053	ARACATACA
658	15	058	ARIGUANI
659	15	161	CERRO SAN ANTONIO
660	15	170	CHIBOLO
661	15	189	CIENAGA
662	15	205	CONCORDIA
663	15	245	EL BANCO
664	15	258	EL PIÑON
665	15	268	EL RETEN
666	15	288	FUNDACION
667	15	318	GUAMAL
668	15	460	NUEVA GRANADA
669	15	541	PEDRAZA
670	15	545	PIJIÑO DEL CARMEN
671	15	551	PIVIJAY
672	15	555	PLATO
673	15	570	PUEBLOVIEJO
674	15	605	REMOLINO
675	15	660	SABANAS DE SAN ANGEL
676	15	675	SALAMINA
677	15	692	SAN SEBASTIAN DE BUENAVISTA
678	15	703	SAN ZENON
679	15	707	SANTA ANA
680	15	720	SANTA BARBARA DE PINTO
681	15	745	SITIONUEVO
682	15	798	TENERIFE
683	15	960	ZAPAYAN
684	15	980	ZONA BANANERA
685	16	001	VILLAVICENCIO
686	16	006	ACACIAS
687	16	110	BARRANCA DE UPIA
688	16	124	CABUYARO
689	16	150	CASTILLA LA NUEVA
690	16	223	CUBARRAL
691	16	226	CUMARAL
692	16	245	EL CALVARIO
693	16	251	EL CASTILLO
694	16	270	EL DORADO
695	16	287	FUENTE DE ORO
696	16	313	GRANADA
697	16	318	GUAMAL
698	16	325	MAPIRIPAN
699	16	330	MESETAS
700	16	350	LA MACARENA
701	16	370	URIBE
702	16	400	LEJANIAS
703	16	450	PUERTO CONCORDIA
704	16	568	PUERTO GAITAN
705	16	573	PUERTO LOPEZ
706	16	577	PUERTO LLERAS
707	16	590	PUERTO RICO
708	16	606	RESTREPO
709	16	680	SAN CARLOS DE GUAROA
710	16	683	SAN JUAN DE ARAMA
711	16	686	SAN JUANITO
712	16	689	SAN MARTIN
713	16	711	VISTAHERMOSA
714	17	001	PASTO
715	17	019	ALBAN
716	17	022	ALDANA
717	17	036	ANCUYA
718	17	051	ARBOLEDA
719	17	079	BARBACOAS
720	17	083	BELEN
721	17	110	BUESACO
722	17	203	COLON
723	17	207	CONSACA
724	17	210	CONTADERO
725	17	215	CORDOBA
726	17	224	CUASPUD
727	17	227	CUMBAL
728	17	233	CUMBITARA
729	17	240	CHACHAGsI
730	17	250	EL CHARCO
731	17	254	EL PEÑOL
732	17	256	EL ROSARIO
733	17	258	EL TABLON DE GOMEZ
734	17	260	EL TAMBO
735	17	287	FUNES
736	17	317	GUACHUCAL
737	17	320	GUAITARILLA
738	17	323	GUALMATAN
739	17	352	ILES
740	17	354	IMUES
741	17	356	IPIALES
742	17	378	LA CRUZ
743	17	381	LA FLORIDA
744	17	385	LA LLANADA
745	17	390	LA TOLA
746	17	399	LA UNION
747	17	405	LEIVA
748	17	411	LINARES
749	17	418	LOS ANDES
750	17	427	MAGsI
751	17	435	MALLAMA
752	17	473	MOSQUERA
753	17	480	NARIÑO
754	17	490	OLAYA HERRERA
755	17	506	OSPINA
756	17	520	FRANCISCO PIZARRO
757	17	540	POLICARPA
758	17	560	POTOSI
759	17	565	PROVIDENCIA
760	17	573	PUERRES
761	17	585	PUPIALES
762	17	612	RICAURTE
763	17	621	ROBERTO PAYAN
764	17	678	SAMANIEGO
765	17	683	SANDONA
766	17	685	SAN BERNARDO
767	17	687	SAN LORENZO
768	17	693	SAN PABLO
769	17	694	SAN PEDRO DE CARTAGO
770	17	696	SANTA BARBARA
771	17	699	SANTACRUZ
772	17	720	SAPUYES
773	17	786	TAMINANGO
774	17	788	TANGUA
775	17	835	SAN ANDRES DE TUMACO
776	17	838	TUQUERRES
777	17	885	YACUANQUER
778	18	001	CUCUTA
779	18	003	ABREGO
780	18	051	ARBOLEDAS
781	18	099	BOCHALEMA
782	18	109	BUCARASICA
783	18	125	CACOTA
784	18	128	CACHIRA
785	18	172	CHINACOTA
786	18	174	CHITAGA
787	18	206	CONVENCION
788	18	223	CUCUTILLA
789	18	239	DURANIA
790	18	245	EL CARMEN
791	18	250	EL TARRA
792	18	261	EL ZULIA
793	18	313	GRAMALOTE
794	18	344	HACARI
795	18	347	HERRAN
796	18	377	LABATECA
797	18	385	LA ESPERANZA
798	18	398	LA PLAYA
799	18	405	LOS PATIOS
800	18	418	LOURDES
801	18	480	MUTISCUA
802	18	498	OCAÑA
803	18	518	PAMPLONA
804	18	520	PAMPLONITA
805	18	553	PUERTO SANTANDER
806	18	599	RAGONVALIA
807	18	660	SALAZAR
808	18	670	SAN CALIXTO
809	18	673	SAN CAYETANO
810	18	680	SANTIAGO
811	18	720	SARDINATA
812	18	743	SILOS
813	18	800	TEORAMA
814	18	810	TIBU
815	18	820	TOLEDO
816	18	871	VILLA CARO
817	18	874	VILLA DEL ROSARIO
818	19	001	ARMENIA
819	19	111	BUENAVISTA
820	19	130	CALARCA
821	19	190	CIRCASIA
822	19	212	CORDOBA
823	19	272	FILANDIA
824	19	302	GENOVA
825	19	401	LA TEBAIDA
826	19	470	MONTENEGRO
827	19	548	PIJAO
828	19	594	QUIMBAYA
829	19	690	SALENTO
830	20	001	PEREIRA
831	20	045	APIA
832	20	075	BALBOA
833	20	088	BELEN DE UMBRIA
834	20	170	DOSQUEBRADAS
835	20	318	GUATICA
836	20	383	LA CELIA
837	20	400	LA VIRGINIA
838	20	440	MARSELLA
839	20	456	MISTRATO
840	20	572	PUEBLO RICO
841	20	594	QUINCHIA
842	20	682	SANTA ROSA DE CABAL
843	20	687	SANTUARIO
844	21	001	BUCARAMANGA
845	21	013	AGUADA
846	21	020	ALBANIA
847	21	051	ARATOCA
848	21	077	BARBOSA
849	21	079	BARICHARA
850	21	081	BARRANCABERMEJA
851	21	092	BETULIA
852	21	101	BOLIVAR
853	21	121	CABRERA
854	21	132	CALIFORNIA
855	21	147	CAPITANEJO
856	21	152	CARCASI
857	21	160	CEPITA
858	21	162	CERRITO
859	21	167	CHARALA
860	21	169	CHARTA
861	21	176	CHIMA
862	21	179	CHIPATA
863	21	190	CIMITARRA
864	21	207	CONCEPCION
865	21	209	CONFINES
866	21	211	CONTRATACION
867	21	217	COROMORO
868	21	229	CURITI
869	21	235	EL CARMEN DE CHUCURI
870	21	245	EL GUACAMAYO
871	21	250	EL PEÑON
872	21	255	EL PLAYON
873	21	264	ENCINO
874	21	266	ENCISO
875	21	271	FLORIAN
876	21	276	FLORIDABLANCA
877	21	296	GALAN
878	21	298	GAMBITA
879	21	307	GIRON
880	21	318	GUACA
881	21	320	GUADALUPE
882	21	322	GUAPOTA
883	21	324	GUAVATA
884	21	327	GsEPSA
885	21	344	HATO
886	21	368	JESUS MARIA
887	21	370	JORDAN
888	21	377	LA BELLEZA
889	21	385	LANDAZURI
890	21	397	LA PAZ
891	21	406	LEBRIJA
892	21	418	LOS SANTOS
893	21	425	MACARAVITA
894	21	432	MALAGA
895	21	444	MATANZA
896	21	464	MOGOTES
897	21	468	MOLAGAVITA
898	21	498	OCAMONTE
899	21	500	OIBA
900	21	502	ONZAGA
901	21	522	PALMAR
902	21	524	PALMAS DEL SOCORRO
903	21	533	PARAMO
904	21	547	PIEDECUESTA
905	21	549	PINCHOTE
906	21	572	PUENTE NACIONAL
907	21	573	PUERTO PARRA
908	21	575	PUERTO WILCHES
909	21	615	RIONEGRO
910	21	655	SABANA DE TORRES
911	21	669	SAN ANDRES
912	21	673	SAN BENITO
913	21	679	SAN GIL
914	21	682	SAN JOAQUIN
915	21	684	SAN JOSE DE MIRANDA
916	21	686	SAN MIGUEL
917	21	689	SAN VICENTE DE CHUCURI
918	21	705	SANTA BARBARA
919	21	720	SANTA HELENA DEL OPON
920	21	745	SIMACOTA
921	21	755	SOCORRO
922	21	770	SUAITA
923	21	773	SUCRE
924	21	780	SURATA
925	21	820	TONA
926	21	855	VALLE DE SAN JOSE
927	21	861	VELEZ
928	21	867	VETAS
929	21	872	VILLANUEVA
930	21	895	ZAPATOCA
931	22	001	SINCELEJO
932	22	110	BUENAVISTA
933	22	124	CAIMITO
934	22	204	COLOSO
935	22	215	COROZAL
936	22	221	COVEÑAS
937	22	230	CHALAN
938	22	233	EL ROBLE
939	22	235	GALERAS
940	22	265	GUARANDA
941	22	400	LA UNION
942	22	418	LOS PALMITOS
943	22	429	MAJAGUAL
944	22	473	MORROA
945	22	508	OVEJAS
946	22	523	PALMITO
947	22	670	SAMPUES
948	22	678	SAN BENITO ABAD
949	22	702	SAN JUAN DE BETULIA
950	22	708	SAN MARCOS
951	22	713	SAN ONOFRE
952	22	717	SAN PEDRO
953	22	742	SAN LUIS DE SINCE
954	22	771	SUCRE
955	22	820	SANTIAGO DE TOLU
956	22	823	TOLU VIEJO
957	23	001	IBAGUE
958	23	024	ALPUJARRA
959	23	026	ALVARADO
960	23	030	AMBALEMA
961	23	043	ANZOATEGUI
962	23	055	ARMERO
963	23	067	ATACO
964	23	124	CAJAMARCA
965	23	148	CARMEN DE APICALA
966	23	152	CASABIANCA
967	23	168	CHAPARRAL
968	23	200	COELLO
969	23	217	COYAIMA
970	23	226	CUNDAY
971	23	236	DOLORES
972	23	268	ESPINAL
973	23	270	FALAN
974	23	275	FLANDES
975	23	283	FRESNO
976	23	319	GUAMO
977	23	347	HERVEO
978	23	349	HONDA
979	23	352	ICONONZO
980	23	408	LERIDA
981	23	411	LIBANO
982	23	443	MARIQUITA
983	23	449	MELGAR
984	23	461	MURILLO
985	23	483	NATAGAIMA
986	23	504	ORTEGA
987	23	520	PALOCABILDO
988	23	547	PIEDRAS
989	23	555	PLANADAS
990	23	563	PRADO
991	23	585	PURIFICACION
992	23	616	RIOBLANCO
993	23	622	RONCESVALLES
994	23	624	ROVIRA
995	23	671	SALDAÑA
996	23	675	SAN ANTONIO
997	23	678	SAN LUIS
998	23	686	SANTA ISABEL
999	23	770	SUAREZ
1000	23	854	VALLE DE SAN JUAN
1001	23	861	VENADILLO
1002	23	870	VILLAHERMOSA
1003	23	873	VILLARRICA
1004	24	001	CALI
1005	24	020	ALCALA
1006	24	036	ANDALUCIA
1007	24	041	ANSERMANUEVO
1008	24	054	ARGELIA
1009	24	100	BOLIVAR
1010	24	109	BUENAVENTURA
1011	24	111	GUADALAJARA DE BUGA
1012	24	113	BUGALAGRANDE
1013	24	122	CAICEDONIA
1014	24	126	CALIMA
1015	24	130	CANDELARIA
1016	24	147	CARTAGO
1017	24	233	DAGUA
1018	24	243	EL AGUILA
1019	24	246	EL CAIRO
1020	24	248	EL CERRITO
1021	24	250	EL DOVIO
1022	24	275	FLORIDA
1023	24	306	GINEBRA
1024	24	318	GUACARI
1025	24	364	JAMUNDI
1026	24	377	LA CUMBRE
1027	24	400	LA UNION
1028	24	403	LA VICTORIA
1029	24	497	OBANDO
1030	24	520	PALMIRA
1031	24	563	PRADERA
1032	24	606	RESTREPO
1033	24	616	RIOFRIO
1034	24	622	ROLDANILLO
1035	24	670	SAN PEDRO
1036	24	736	SEVILLA
1037	24	823	TORO
1038	24	828	TRUJILLO
1039	24	834	TULUA
1040	24	845	ULLOA
1041	24	863	VERSALLES
1042	24	869	VIJES
1043	24	890	YOTOCO
1044	24	892	YUMBO
1045	24	895	ZARZAL
1046	25	001	ARAUCA
1047	25	065	ARAUQUITA
1048	25	220	CRAVO NORTE
1049	25	300	FORTUL
1050	25	591	PUERTO RONDON
1051	25	736	SARAVENA
1052	25	794	TAME
1053	26	001	YOPAL
1054	26	010	AGUAZUL
1055	26	015	CHAMEZA
1056	26	125	HATO COROZAL
1057	26	136	LA SALINA
1058	26	139	MANI
1059	26	162	MONTERREY
1060	26	225	NUNCHIA
1061	26	230	OROCUE
1062	26	250	PAZ DE ARIPORO
1063	26	263	PORE
1064	26	279	RECETOR
1065	26	300	SABANALARGA
1066	26	315	SACAMA
1067	26	325	SAN LUIS DE PALENQUE
1068	26	400	TAMARA
1069	26	410	TAURAMENA
1070	26	430	TRINIDAD
1071	26	440	VILLANUEVA
1072	27	001	MOCOA
1073	27	219	COLON
1074	27	320	ORITO
1075	27	568	PUERTO ASIS
1076	27	569	PUERTO CAICEDO
1077	27	571	PUERTO GUZMAN
1078	27	573	LEGUIZAMO
1079	27	749	SIBUNDOY
1080	27	755	SAN FRANCISCO
1081	27	757	SAN MIGUEL
1082	27	760	SANTIAGO
1083	27	865	VALLE DEL GUAMUEZ
1084	27	885	VILLAGARZON
1085	28	001	SAN ANDRES
1086	28	564	PROVIDENCIA
1087	29	001	LETICIA
1088	29	263	EL ENCANTO
1089	29	405	LA CHORRERA
1090	29	407	LA PEDRERA
1091	29	430	LA VICTORIA
1092	29	460	MIRITI - PARANA
1093	29	530	PUERTO ALEGRIA
1094	29	536	PUERTO ARICA
1095	29	540	PUERTO NARIÑO
1096	29	669	PUERTO SANTANDER
1097	29	798	TARAPACA
1098	30	001	INIRIDA
1099	30	343	BARRANCO MINAS
1100	30	663	MAPIRIPANA
1101	30	883	SAN FELIPE
1102	30	884	PUERTO COLOMBIA
1103	30	885	LA GUADALUPE
1104	30	886	CACAHUAL
1105	30	887	PANA PANA
1106	30	888	MORICHAL
1107	31	001	SAN JOSE DEL GUAVIARE
1108	31	015	CALAMAR
1109	31	025	EL RETORNO
1110	31	200	MIRAFLORES
1111	32	001	MITU
1112	32	161	CARURU
1113	32	511	PACOA
1114	32	666	TARAIRA
1115	32	777	PAPUNAUA
1116	32	889	YAVARATE
1117	33	001	PUERTO CARREÑO
1118	33	524	LA PRIMAVERA
1119	33	624	SANTA ROSALIA
1120	33	773	CUMARIBO
\.


--
-- TOC entry 2190 (class 0 OID 24576)
-- Dependencies: 175
-- Data for Name: producto; Type: TABLE DATA; Schema: maestro; Owner: postgres
--

COPY producto (id, descripcion, unidad_id, precio, costo, stock, marca_id) FROM stdin;
9	mmmmmmm	4	1500	23	-4	4
4	Nivel	2	800	750	110	4
8	asdfa	6	1000	12	-1	4
10	dghgf	2	1500	1200	1185	4
11	sdfsdfs	2	7800	1500	788	4
5	skfjokljk	2	1500	1200	-3	4
2	Taladro	2	75600	72000	-5	4
1	Manguera Caucho	2	5200	4800	-6	4
7	Nuevo	8	7800	7500	5	4
6	skfjokljk	2	1500	1200	-13	4
3	Martillo	1	7800	5400	-3	1
\.


--
-- TOC entry 2235 (class 0 OID 0)
-- Dependencies: 181
-- Name: producto_id_seq; Type: SEQUENCE SET; Schema: maestro; Owner: postgres
--

SELECT pg_catalog.setval('producto_id_seq', 123462, true);


--
-- TOC entry 2206 (class 0 OID 40991)
-- Dependencies: 191
-- Data for Name: tipo_identificacion; Type: TABLE DATA; Schema: maestro; Owner: ferremauros_web
--

COPY tipo_identificacion (id, diminutivo, descripcion) FROM stdin;
1	CC	Cédula Ciudadania
2	NIT	NIT
\.


--
-- TOC entry 2236 (class 0 OID 0)
-- Dependencies: 190
-- Name: tipo_identificacion_id_seq; Type: SEQUENCE SET; Schema: maestro; Owner: ferremauros_web
--

SELECT pg_catalog.setval('tipo_identificacion_id_seq', 1, false);


--
-- TOC entry 2212 (class 0 OID 65538)
-- Dependencies: 197
-- Data for Name: tipo_pago; Type: TABLE DATA; Schema: maestro; Owner: ferremauros_web
--

COPY tipo_pago (id, descripcion, importe) FROM stdin;
1	Efectivo	0
2	Tarjeta Codensa	7
3	Tarjeta Credito	4
4	Tarjeta Debito	2
\.


--
-- TOC entry 2237 (class 0 OID 0)
-- Dependencies: 196
-- Name: tipo_pago_id_seq; Type: SEQUENCE SET; Schema: maestro; Owner: ferremauros_web
--

SELECT pg_catalog.setval('tipo_pago_id_seq', 4, true);


--
-- TOC entry 2214 (class 0 OID 65546)
-- Dependencies: 199
-- Data for Name: tipo_venta; Type: TABLE DATA; Schema: maestro; Owner: ferremauros_web
--

COPY tipo_venta (id, descripcion) FROM stdin;
2	Remision
1	Venta mostrador
3	Factura
\.


--
-- TOC entry 2238 (class 0 OID 0)
-- Dependencies: 198
-- Name: tipo_venta_id_seq; Type: SEQUENCE SET; Schema: maestro; Owner: ferremauros_web
--

SELECT pg_catalog.setval('tipo_venta_id_seq', 2, true);


--
-- TOC entry 2192 (class 0 OID 24583)
-- Dependencies: 177
-- Data for Name: unidad; Type: TABLE DATA; Schema: maestro; Owner: postgres
--

COPY unidad (id, descripcion, diminutivo) FROM stdin;
1	Unidad	UN
2	Metro	MT
4	Rollo	RLL
6	M2	\N
7	M3	\N
8	OM	\N
\.


--
-- TOC entry 2239 (class 0 OID 0)
-- Dependencies: 176
-- Name: unidad_id_seq; Type: SEQUENCE SET; Schema: maestro; Owner: postgres
--

SELECT pg_catalog.setval('unidad_id_seq', 8, true);


SET search_path = public, pg_catalog;

--
-- TOC entry 2240 (class 0 OID 0)
-- Dependencies: 180
-- Name: producto_id_seq; Type: SEQUENCE SET; Schema: public; Owner: postgres
--

SELECT pg_catalog.setval('producto_id_seq', 123456, false);


SET search_path = seguridad, pg_catalog;

--
-- TOC entry 2200 (class 0 OID 32793)
-- Dependencies: 185
-- Data for Name: menu; Type: TABLE DATA; Schema: seguridad; Owner: postgres
--

COPY menu (id, rol_id, icono, link, titulo, padre_id) FROM stdin;
1	1	\N	\N	Inventario	\N
2	1	\N	/inventario/productos	Productos	1
3	1	\N	\N	Ventas	\N
4	1	\N	/ventas/venta	Venta	3
5	1	\N	/ventas/historialVentas	Historial Ventas	3
6	1	\N	\N	Compras	\N
7	1	\N	/compras/compra	Compra	6
8	1	\N	/compras/historialCompras	Historial Compras	6
\.


--
-- TOC entry 2241 (class 0 OID 0)
-- Dependencies: 184
-- Name: menu_id_seq; Type: SEQUENCE SET; Schema: seguridad; Owner: postgres
--

SELECT pg_catalog.setval('menu_id_seq', 3, true);


--
-- TOC entry 2198 (class 0 OID 32785)
-- Dependencies: 183
-- Data for Name: rol; Type: TABLE DATA; Schema: seguridad; Owner: postgres
--

COPY rol (id, descripcion) FROM stdin;
1	Administrador
\.


--
-- TOC entry 2242 (class 0 OID 0)
-- Dependencies: 182
-- Name: rol_id_seq; Type: SEQUENCE SET; Schema: seguridad; Owner: postgres
--

SELECT pg_catalog.setval('rol_id_seq', 1, false);


SET search_path = transaccional, pg_catalog;

--
-- TOC entry 2210 (class 0 OID 57360)
-- Dependencies: 195
-- Data for Name: detalle_venta; Type: TABLE DATA; Schema: transaccional; Owner: ferremauros_web
--

COPY detalle_venta (id, venta_id, producto_id, cantidad, aplica_iva, iva_incluido, precio, total) FROM stdin;
1	4	1	1	f	f	5200	5200
2	4	10	1	f	f	1500	1500
3	4	11	1	f	f	7800	7800
4	5	1	2	t	t	5200	10400
5	5	10	2	t	t	1500	3000
6	5	11	2	t	t	7800	15600
7	5	6	2	t	t	1400	2800
12	10	1	2	f	f	5200	10400
15	13	10	1	f	f	1500	1500
23	21	11	233	f	f	7800	1817400
24	22	6	13	f	f	1500	19500
25	23	2	2	t	t	75600	151200
26	23	5	2	t	t	1500	3000
27	23	7	2	t	t	7800	15600
28	23	9	2	t	t	1500	3000
29	25	4	1	t	f	800	800
30	26	8	1	f	f	1000	1000
31	27	1	1	f	f	5200	5200
32	28	11	1	f	f	7800	7800
33	29	5	1	f	f	1500	1500
34	30	2	1	f	f	75600	75600
35	31	1	1	t	f	5200	5200
36	31	7	1	t	f	7800	7800
37	32	10	10	f	f	1000	10000
38	32	6	10	f	f	1500	15000
39	32	3	10	f	f	7800	78000
40	32	9	10	f	f	1500	15000
41	32	4	10	f	f	800	8000
42	33	8	10	t	f	1000	10000
43	33	11	10	t	f	7800	78000
44	33	5	10	t	f	1500	15000
45	33	2	10	t	f	75600	756000
46	33	1	10	t	f	5200	52000
47	34	7	1	t	f	7800	7800
48	34	10	1	t	f	1500	1500
49	34	6	1	t	f	1500	1500
50	34	3	1	t	f	7800	7800
51	34	9	1	t	f	1500	1500
52	34	4	1	t	f	800	800
53	34	8	1	t	f	1000	1000
54	34	11	1	t	f	7800	7800
55	34	5	1	t	f	1500	1500
56	34	2	1	t	f	75600	75600
57	34	1	1	t	f	5200	5200
58	35	7	2	\N	f	7800	15600
59	35	10	2	\N	f	1500	3000
60	36	6	1	\N	f	1500	1500
61	36	3	1	\N	f	7800	7800
62	37	9	1	t	t	1500	1500
63	37	4	1	t	t	800	800
64	38	8	1	\N	f	1000	1000
65	39	10	1	\N	f	100000	100000
66	40	11	200	t	f	7800	1560000
67	41	5	1	\N	f	1500	1500
68	41	2	1	\N	f	75600	75600
69	41	1	1	\N	f	5200	5200
70	41	7	1	\N	f	7800	7800
71	42	6	1	t	f	1500	1500
72	42	3	1	t	f	7800	7800
\.


--
-- TOC entry 2243 (class 0 OID 0)
-- Dependencies: 194
-- Name: detalle_venta_id_seq; Type: SEQUENCE SET; Schema: transaccional; Owner: ferremauros_web
--

SELECT pg_catalog.setval('detalle_venta_id_seq', 72, true);


--
-- TOC entry 2208 (class 0 OID 57347)
-- Dependencies: 193
-- Data for Name: venta; Type: TABLE DATA; Schema: transaccional; Owner: ferremauros_web
--

COPY venta (id, numero_remision, numero_factura, aplica_iva, subtotal, total_iva, total, fecha_factura, cliente_id, tipo_venta_id, tipo_pago_id, fecha_vencimiento, total_importe) FROM stdin;
32	123	\N	f	126000	0	134820	2015-11-01 23:41:00.732	1	2	2	\N	8820
33	\N	12345	t	911000	145760	1056760	2015-11-01 23:42:41.249	1	3	1	2015-11-30 00:00:00	0
34	\N	12	t	112000	17920	129920	2015-11-01 00:00:00	1	3	1	2015-12-01 00:00:00	0
35	12345	\N	\N	18600	0	18600	2015-11-05 00:00:00	3	2	1	\N	0
36	123456	\N	\N	9300	0	9300	2015-11-06 00:00:00	4	2	1	\N	0
37	\N	56	t	1932	368	2300	2015-11-05 00:00:00	3	3	1	2015-11-30 00:00:00	0
38	\N	\N	\N	1000	0	1000	2015-11-05 00:00:00	\N	1	1	\N	0
39	\N	\N	\N	100000	0	102000	2015-11-05 00:00:00	\N	1	4	\N	2000
4	\N	\N	f	14500	0	14500	2015-10-07 23:07:50.588	\N	1	1	\N	\N
5	123	123	t	26712	5088	31800	2015-10-07 23:11:19.253	2	1	1	\N	\N
10	\N	\N	f	10400	0	10400	2015-10-11 12:49:33.868	2	1	1	\N	\N
13	\N	\N	f	1500	0	1500	2015-10-11 13:03:12.833	3	1	1	\N	\N
21	\N	\N	f	1817400	0	1817400	2015-10-11 13:48:21.39	\N	1	1	\N	\N
23	\N	\N	t	145152	27648	172800	2015-10-12 12:10:34.004	\N	1	1	\N	\N
22	\N	\N	f	19500	0	19500	2015-10-11 13:56:07.438	\N	1	1	\N	\N
24	\N	\N	f	\N	\N	\N	2015-10-12 13:07:09.14	\N	1	1	\N	\N
25	\N	\N	f	800	128	928	2015-10-12 13:10:32.578	\N	1	1	\N	\N
26	\N	\N	f	1000	0	1000	2015-10-12 13:14:41.791	\N	1	1	\N	\N
27	\N	\N	f	5200	0	5200	2015-10-12 13:16:22.559	\N	1	1	\N	\N
28	\N	\N	f	7800	0	7800	2015-10-12 13:18:12.82	\N	1	1	\N	\N
29	\N	\N	f	1500	0	1500	2015-10-12 13:21:35.093	\N	1	1	\N	\N
30	\N	\N	f	75600	0	75600	2015-10-12 13:26:30.924	\N	1	1	\N	\N
31	\N	32134213	t	13000	2080	15080	2015-10-12 14:46:43.89	1	1	1	\N	\N
40	\N	1234567	t	1560000	249600	1809600	2015-11-10 00:00:00	3	3	1	2015-11-30 00:00:00	0
41	\N	\N	\N	90100	0	90100	2015-11-10 00:00:00	\N	1	1	\N	0
42	\N	12345	t	9300	1488	10788	2015-11-18 00:00:00	\N	3	1	\N	0
\.


--
-- TOC entry 2244 (class 0 OID 0)
-- Dependencies: 192
-- Name: venta_id_seq; Type: SEQUENCE SET; Schema: transaccional; Owner: ferremauros_web
--

SELECT pg_catalog.setval('venta_id_seq', 42, true);


SET search_path = maestro, pg_catalog;

--
-- TOC entry 2044 (class 2606 OID 24580)
-- Name: PK_Producto; Type: CONSTRAINT; Schema: maestro; Owner: postgres; Tablespace: 
--

ALTER TABLE ONLY producto
    ADD CONSTRAINT "PK_Producto" PRIMARY KEY (id);


--
-- TOC entry 2058 (class 2606 OID 40983)
-- Name: PK_cliente; Type: CONSTRAINT; Schema: maestro; Owner: postgres; Tablespace: 
--

ALTER TABLE ONLY cliente
    ADD CONSTRAINT "PK_cliente" PRIMARY KEY (id);


--
-- TOC entry 2054 (class 2606 OID 40964)
-- Name: PK_departamento; Type: CONSTRAINT; Schema: maestro; Owner: ferremauros_web; Tablespace: 
--

ALTER TABLE ONLY departamento
    ADD CONSTRAINT "PK_departamento" PRIMARY KEY (id);


--
-- TOC entry 2048 (class 2606 OID 24596)
-- Name: PK_marca; Type: CONSTRAINT; Schema: maestro; Owner: ferremauros_web; Tablespace: 
--

ALTER TABLE ONLY marca
    ADD CONSTRAINT "PK_marca" PRIMARY KEY (id);


--
-- TOC entry 2056 (class 2606 OID 40969)
-- Name: PK_municipio; Type: CONSTRAINT; Schema: maestro; Owner: ferremauros_web; Tablespace: 
--

ALTER TABLE ONLY municipio
    ADD CONSTRAINT "PK_municipio" PRIMARY KEY (id);


--
-- TOC entry 2060 (class 2606 OID 40996)
-- Name: PK_tipo_identificacion; Type: CONSTRAINT; Schema: maestro; Owner: ferremauros_web; Tablespace: 
--

ALTER TABLE ONLY tipo_identificacion
    ADD CONSTRAINT "PK_tipo_identificacion" PRIMARY KEY (id);


--
-- TOC entry 2068 (class 2606 OID 65551)
-- Name: PK_tipo_venta; Type: CONSTRAINT; Schema: maestro; Owner: ferremauros_web; Tablespace: 
--

ALTER TABLE ONLY tipo_venta
    ADD CONSTRAINT "PK_tipo_venta" PRIMARY KEY (id);


--
-- TOC entry 2046 (class 2606 OID 24598)
-- Name: PK_unidad; Type: CONSTRAINT; Schema: maestro; Owner: postgres; Tablespace: 
--

ALTER TABLE ONLY unidad
    ADD CONSTRAINT "PK_unidad" PRIMARY KEY (id);


--
-- TOC entry 2066 (class 2606 OID 65543)
-- Name: pk_tipo_pago; Type: CONSTRAINT; Schema: maestro; Owner: ferremauros_web; Tablespace: 
--

ALTER TABLE ONLY tipo_pago
    ADD CONSTRAINT pk_tipo_pago PRIMARY KEY (id);


SET search_path = seguridad, pg_catalog;

--
-- TOC entry 2052 (class 2606 OID 32798)
-- Name: PK_menu; Type: CONSTRAINT; Schema: seguridad; Owner: postgres; Tablespace: 
--

ALTER TABLE ONLY menu
    ADD CONSTRAINT "PK_menu" PRIMARY KEY (id);


--
-- TOC entry 2050 (class 2606 OID 32790)
-- Name: PK_rol; Type: CONSTRAINT; Schema: seguridad; Owner: postgres; Tablespace: 
--

ALTER TABLE ONLY rol
    ADD CONSTRAINT "PK_rol" PRIMARY KEY (id);


SET search_path = transaccional, pg_catalog;

--
-- TOC entry 2064 (class 2606 OID 57365)
-- Name: PK_detalle_venta; Type: CONSTRAINT; Schema: transaccional; Owner: ferremauros_web; Tablespace: 
--

ALTER TABLE ONLY detalle_venta
    ADD CONSTRAINT "PK_detalle_venta" PRIMARY KEY (id);


--
-- TOC entry 2062 (class 2606 OID 57352)
-- Name: PK_venta; Type: CONSTRAINT; Schema: transaccional; Owner: ferremauros_web; Tablespace: 
--

ALTER TABLE ONLY venta
    ADD CONSTRAINT "PK_venta" PRIMARY KEY (id);


SET search_path = maestro, pg_catalog;

--
-- TOC entry 2074 (class 2606 OID 40984)
-- Name: FK_cliente_municipio; Type: FK CONSTRAINT; Schema: maestro; Owner: postgres
--

ALTER TABLE ONLY cliente
    ADD CONSTRAINT "FK_cliente_municipio" FOREIGN KEY (ciudad_id) REFERENCES municipio(id);


--
-- TOC entry 2075 (class 2606 OID 49152)
-- Name: FK_cliente_tipo_identificacion; Type: FK CONSTRAINT; Schema: maestro; Owner: postgres
--

ALTER TABLE ONLY cliente
    ADD CONSTRAINT "FK_cliente_tipo_identificacion" FOREIGN KEY (tipo_documento) REFERENCES tipo_identificacion(id);


--
-- TOC entry 2073 (class 2606 OID 40970)
-- Name: FK_municipio_departamento; Type: FK CONSTRAINT; Schema: maestro; Owner: ferremauros_web
--

ALTER TABLE ONLY municipio
    ADD CONSTRAINT "FK_municipio_departamento" FOREIGN KEY (departamento_id) REFERENCES departamento(id);


--
-- TOC entry 2069 (class 2606 OID 24599)
-- Name: FK_producto_unidad; Type: FK CONSTRAINT; Schema: maestro; Owner: postgres
--

ALTER TABLE ONLY producto
    ADD CONSTRAINT "FK_producto_unidad" FOREIGN KEY (unidad_id) REFERENCES unidad(id);


--
-- TOC entry 2070 (class 2606 OID 24604)
-- Name: FK_unidad_marca; Type: FK CONSTRAINT; Schema: maestro; Owner: postgres
--

ALTER TABLE ONLY producto
    ADD CONSTRAINT "FK_unidad_marca" FOREIGN KEY (marca_id) REFERENCES marca(id);


SET search_path = seguridad, pg_catalog;

--
-- TOC entry 2072 (class 2606 OID 32804)
-- Name: FK_menu_menu; Type: FK CONSTRAINT; Schema: seguridad; Owner: postgres
--

ALTER TABLE ONLY menu
    ADD CONSTRAINT "FK_menu_menu" FOREIGN KEY (padre_id) REFERENCES menu(id);


--
-- TOC entry 2071 (class 2606 OID 32799)
-- Name: FK_menu_rol; Type: FK CONSTRAINT; Schema: seguridad; Owner: postgres
--

ALTER TABLE ONLY menu
    ADD CONSTRAINT "FK_menu_rol" FOREIGN KEY (rol_id) REFERENCES rol(id);


SET search_path = transaccional, pg_catalog;

--
-- TOC entry 2080 (class 2606 OID 57371)
-- Name: FK_detalle_venta_producto; Type: FK CONSTRAINT; Schema: transaccional; Owner: ferremauros_web
--

ALTER TABLE ONLY detalle_venta
    ADD CONSTRAINT "FK_detalle_venta_producto" FOREIGN KEY (producto_id) REFERENCES maestro.producto(id);


--
-- TOC entry 2079 (class 2606 OID 57366)
-- Name: FK_detalle_venta_venta; Type: FK CONSTRAINT; Schema: transaccional; Owner: ferremauros_web
--

ALTER TABLE ONLY detalle_venta
    ADD CONSTRAINT "FK_detalle_venta_venta" FOREIGN KEY (venta_id) REFERENCES venta(id);


--
-- TOC entry 2076 (class 2606 OID 57353)
-- Name: FK_venta_cliente; Type: FK CONSTRAINT; Schema: transaccional; Owner: ferremauros_web
--

ALTER TABLE ONLY venta
    ADD CONSTRAINT "FK_venta_cliente" FOREIGN KEY (cliente_id) REFERENCES maestro.cliente(id);


--
-- TOC entry 2078 (class 2606 OID 73733)
-- Name: FK_venta_tipo_pago; Type: FK CONSTRAINT; Schema: transaccional; Owner: ferremauros_web
--

ALTER TABLE ONLY venta
    ADD CONSTRAINT "FK_venta_tipo_pago" FOREIGN KEY (tipo_pago_id) REFERENCES maestro.tipo_pago(id);


--
-- TOC entry 2077 (class 2606 OID 73728)
-- Name: FK_venta_tipo_venta; Type: FK CONSTRAINT; Schema: transaccional; Owner: ferremauros_web
--

ALTER TABLE ONLY venta
    ADD CONSTRAINT "FK_venta_tipo_venta" FOREIGN KEY (tipo_venta_id) REFERENCES maestro.tipo_venta(id);


--
-- TOC entry 2221 (class 0 OID 0)
-- Dependencies: 5
-- Name: public; Type: ACL; Schema: -; Owner: postgres
--

REVOKE ALL ON SCHEMA public FROM PUBLIC;
REVOKE ALL ON SCHEMA public FROM postgres;
GRANT ALL ON SCHEMA public TO postgres;
GRANT ALL ON SCHEMA public TO PUBLIC;


-- Completed on 2015-11-24 20:44:24 COT

--
-- PostgreSQL database dump complete
--

